"","annot.symbol","seqnames","diff_meth","mu0","mu1","annot.type","logFC","unshrunk.logFC","logCPM","PValue","FDR"
"702","ADAMTSL1","chr9",-0.306696411,0.389435766,0.696132177,"hg38_genes_introns",0.804461646891768,0.804479356447332,7.77267267245306,0.0496808300384882,0.999999999996168
"703","ADAMTSL1","chr9",-0.206374241,0.526112184,0.732486425,"hg38_genes_introns",0.804461646891768,0.804479356447332,7.77267267245306,0.0496808300384882,0.999999999996168
"704","ADAMTSL1","chr9",-0.206374241,0.526112184,0.732486425,"hg38_genes_introns",0.804461646891768,0.804479356447332,7.77267267245306,0.0496808300384882,0.999999999996168
"706","ADAMTSL1","chr9",-0.206374241,0.526112184,0.732486425,"hg38_genes_introns",0.804461646891768,0.804479356447332,7.77267267245306,0.0496808300384882,0.999999999996168
"707","ADAMTSL1","chr9",-0.272312002,0.397601173,0.669913175,"hg38_genes_introns",0.804461646891768,0.804479356447332,7.77267267245306,0.0496808300384882,0.999999999996168
"708","ADAMTSL1","chr9",-0.206374241,0.526112184,0.732486425,"hg38_genes_introns",0.804461646891768,0.804479356447332,7.77267267245306,0.0496808300384882,0.999999999996168
"709","ADAMTSL1","chr9",-0.206374241,0.526112184,0.732486425,"hg38_genes_introns",0.804461646891768,0.804479356447332,7.77267267245306,0.0496808300384882,0.999999999996168
"712","ADAMTSL1","chr9",-0.272312002,0.397601173,0.669913175,"hg38_genes_introns",0.804461646891768,0.804479356447332,7.77267267245306,0.0496808300384882,0.999999999996168
"714","ADAMTSL1","chr9",-0.206374241,0.526112184,0.732486425,"hg38_genes_introns",0.804461646891768,0.804479356447332,7.77267267245306,0.0496808300384882,0.999999999996168
"716","ADAMTSL1","chr9",-0.306696411,0.389435766,0.696132177,"hg38_genes_introns",0.804461646891768,0.804479356447332,7.77267267245306,0.0496808300384882,0.999999999996168
"719","ADAMTSL1","chr9",-0.333096614,0.205245968,0.538342582,"hg38_genes_introns",0.804461646891768,0.804479356447332,7.77267267245306,0.0496808300384882,0.999999999996168
"723","ADAMTSL1","chr9",-0.272312002,0.397601173,0.669913175,"hg38_genes_introns",0.804461646891768,0.804479356447332,7.77267267245306,0.0496808300384882,0.999999999996168
"724","ADAMTSL1","chr9",-0.272312002,0.397601173,0.669913175,"hg38_genes_introns",0.804461646891768,0.804479356447332,7.77267267245306,0.0496808300384882,0.999999999996168
"725","ADAMTSL1","chr9",-0.272312002,0.397601173,0.669913175,"hg38_genes_introns",0.804461646891768,0.804479356447332,7.77267267245306,0.0496808300384882,0.999999999996168
"729","ADAMTSL1","chr9",-0.272312002,0.397601173,0.669913175,"hg38_genes_introns",0.804461646891768,0.804479356447332,7.77267267245306,0.0496808300384882,0.999999999996168
"731","ADAMTSL1","chr9",-0.306696411,0.389435766,0.696132177,"hg38_genes_introns",0.804461646891768,0.804479356447332,7.77267267245306,0.0496808300384882,0.999999999996168
"733","ADAMTSL1","chr9",-0.206374241,0.526112184,0.732486425,"hg38_genes_introns",0.804461646891768,0.804479356447332,7.77267267245306,0.0496808300384882,0.999999999996168
"737","ADAMTSL1","chr9",-0.306696411,0.389435766,0.696132177,"hg38_genes_introns",0.804461646891768,0.804479356447332,7.77267267245306,0.0496808300384882,0.999999999996168
"738","ADAMTSL1","chr9",-0.306696411,0.389435766,0.696132177,"hg38_genes_introns",0.804461646891768,0.804479356447332,7.77267267245306,0.0496808300384882,0.999999999996168
"739","ADAMTSL1","chr9",-0.272312002,0.397601173,0.669913175,"hg38_genes_introns",0.804461646891768,0.804479356447332,7.77267267245306,0.0496808300384882,0.999999999996168
"740","ADAMTSL1","chr9",-0.306696411,0.389435766,0.696132177,"hg38_genes_introns",0.804461646891768,0.804479356447332,7.77267267245306,0.0496808300384882,0.999999999996168
"743","ADAMTSL1","chr9",-0.306696411,0.389435766,0.696132177,"hg38_genes_introns",0.804461646891768,0.804479356447332,7.77267267245306,0.0496808300384882,0.999999999996168
"1811","ANGPTL2","chr9",-0.347558548,0.438250434,0.785808982,"hg38_genes_introns",0.959029689779943,0.959044051694089,8.35394771917351,0.0314324518552555,0.766736902520506
"1814","ANGPTL2","chr9",-0.347558548,0.438250434,0.785808982,"hg38_genes_introns",0.959029689779943,0.959044051694089,8.35394771917351,0.0314324518552555,0.766736902520506
"3789","ARHGEF3","chr3",-0.291069446,0.479617772,0.770687218,"hg38_genes_introns",0.934301043931397,0.934482183619995,4.66310758632222,0.0348239542751052,0.822744747526078
"3791","ARHGEF3","chr3",-0.291069446,0.479617772,0.770687218,"hg38_genes_introns",0.934301043931397,0.934482183619995,4.66310758632222,0.0348239542751052,0.822744747526078
"3797","ARHGEF3","chr3",-0.291069446,0.479617772,0.770687218,"hg38_genes_introns",0.934301043931397,0.934482183619995,4.66310758632222,0.0348239542751052,0.822744747526078
"3798","ARHGEF3","chr3",-0.291069446,0.479617772,0.770687218,"hg38_genes_introns",0.934301043931397,0.934482183619995,4.66310758632222,0.0348239542751052,0.822744747526078
"3800","ARHGEF3","chr3",-0.291069446,0.479617772,0.770687218,"hg38_genes_introns",0.934301043931397,0.934482183619995,4.66310758632222,0.0348239542751052,0.822744747526078
"3802","ARHGEF3","chr3",-0.291069446,0.479617772,0.770687218,"hg38_genes_introns",0.934301043931397,0.934482183619995,4.66310758632222,0.0348239542751052,0.822744747526078
"3804","ARHGEF3","chr3",-0.291069446,0.479617772,0.770687218,"hg38_genes_introns",0.934301043931397,0.934482183619995,4.66310758632222,0.0348239542751052,0.822744747526078
"6084","BCL2","chr18",-0.28354631,0.535175297,0.818721607,"hg38_genes_introns",1.16196174597895,1.1623280152785,4.01022494362779,0.00658355864324002,0.329617077086696
"6085","BCL2","chr18",-0.28354631,0.535175297,0.818721607,"hg38_genes_introns",1.16196174597895,1.1623280152785,4.01022494362779,0.00658355864324002,0.329617077086696
"6728","C1orf21","chr1",-0.366098766,0.571170827,0.937269593,"hg38_genes_exons",0.799839981100664,0.799943598906665,5.22061881919468,0.0491434502648389,0.999999999996168
"6729","C1orf21","chr1",-0.366098766,0.571170827,0.937269593,"hg38_genes_3UTRs",0.799839981100664,0.799943598906665,5.22061881919468,0.0491434502648389,0.999999999996168
"6732","C1orf21","chr1",-0.362916289,0.360116825,0.723033114,"hg38_genes_exons",0.799839981100664,0.799943598906665,5.22061881919468,0.0491434502648389,0.999999999996168
"6733","C1orf21","chr1",-0.362916289,0.360116825,0.723033114,"hg38_genes_3UTRs",0.799839981100664,0.799943598906665,5.22061881919468,0.0491434502648389,0.999999999996168
"10109","CLDN11","chr3",-0.279933961,0.648074785,0.928008747,"hg38_genes_introns",2.79521588940791,2.79527331782656,8.55376988437764,8.62876240445984e-06,0.00388557612402991
"10111","CLDN11","chr3",-0.334357939,0.320576427,0.654934367,"hg38_genes_introns",2.79521588940791,2.79527331782656,8.55376988437764,8.62876240445984e-06,0.00388557612402991
"10112","CLDN11","chr3",-0.002597443,0.35544861,0.358046053,"hg38_genes_introns",2.79521588940791,2.79527331782656,8.55376988437764,8.62876240445984e-06,0.00388557612402991
"10113","CLDN11","chr3",-0.334357939,0.320576427,0.654934367,"hg38_genes_introns",2.79521588940791,2.79527331782656,8.55376988437764,8.62876240445984e-06,0.00388557612402991
"10115","CLDN11","chr3",-0.334357939,0.320576427,0.654934367,"hg38_genes_introns",2.79521588940791,2.79527331782656,8.55376988437764,8.62876240445984e-06,0.00388557612402991
"10137","CLEC3B","chr3",-0.298232208,0.368140493,0.666372701,"hg38_genes_1to5kb",2.58908978902813,2.5900820735546,4.2551796997654,0.00144367447249815,0.136462135232328
"10138","CLEC3B","chr3",-0.298232208,0.368140493,0.666372701,"hg38_genes_1to5kb",2.58908978902813,2.5900820735546,4.2551796997654,0.00144367447249815,0.136462135232328
"10139","CLEC3B","chr3",-0.298232208,0.368140493,0.666372701,"hg38_genes_introns",2.58908978902813,2.5900820735546,4.2551796997654,0.00144367447249815,0.136462135232328
"10140","CLEC3B","chr3",-0.298232208,0.368140493,0.666372701,"hg38_genes_introns",2.58908978902813,2.5900820735546,4.2551796997654,0.00144367447249815,0.136462135232328
"10141","CLGN","chr4",-0.294730033,0.315589599,0.610319633,"hg38_genes_promoters",1.21655493537064,1.21697472067536,3.87377986432065,0.0445176018827613,0.955113028391162
"10143","CLGN","chr4",-0.294730033,0.315589599,0.610319633,"hg38_genes_1to5kb",1.21655493537064,1.21697472067536,3.87377986432065,0.0445176018827613,0.955113028391162
"10144","CLGN","chr4",-0.294730033,0.315589599,0.610319633,"hg38_genes_promoters",1.21655493537064,1.21697472067536,3.87377986432065,0.0445176018827613,0.955113028391162
"10146","CLGN","chr4",-0.294730033,0.315589599,0.610319633,"hg38_genes_1to5kb",1.21655493537064,1.21697472067536,3.87377986432065,0.0445176018827613,0.955113028391162
"10148","CLGN","chr4",-0.294730033,0.315589599,0.610319633,"hg38_genes_1to5kb",1.21655493537064,1.21697472067536,3.87377986432065,0.0445176018827613,0.955113028391162
"10149","CLGN","chr4",-0.294730033,0.315589599,0.610319633,"hg38_genes_promoters",1.21655493537064,1.21697472067536,3.87377986432065,0.0445176018827613,0.955113028391162
"10786","COL14A1","chr8",-0.304495723,0.385826785,0.690322508,"hg38_genes_introns",3.69150879404852,3.69214161126344,5.98935650049614,3.26501510046953e-08,5.17686283152224e-05
"10795","COL14A1","chr8",-0.304495723,0.385826785,0.690322508,"hg38_genes_introns",3.69150879404852,3.69214161126344,5.98935650049614,3.26501510046953e-08,5.17686283152224e-05
"10796","COL14A1","chr8",-0.304495723,0.385826785,0.690322508,"hg38_genes_introns",3.69150879404852,3.69214161126344,5.98935650049614,3.26501510046953e-08,5.17686283152224e-05
"10803","COL14A1","chr8",-0.304495723,0.385826785,0.690322508,"hg38_genes_introns",3.69150879404852,3.69214161126344,5.98935650049614,3.26501510046953e-08,5.17686283152224e-05
"10825","COL21A1","chr6",-0.224620905,0.070982221,0.295603126,"hg38_genes_introns",1.67448464265576,1.67539869588799,3.36311696563217,0.0171798473297488,0.560998675962277
"11156","CPM","chr12",-0.260253247,0.549099044,0.809352291,"hg38_genes_introns",1.34315004541644,1.34350959427063,4.29112595806924,0.0212406267623722,0.627543983227849
"12218","CYRIA","chr2",-0.328629183,0.45220835,0.780837533,"hg38_genes_introns",1.23561935648743,1.23644550264702,2.92226220555987,0.0190284150408085,0.584702769503467
"12223","CYRIA","chr2",-0.290213149,0.444433849,0.734646998,"hg38_genes_exonintronboundaries",1.23561935648743,1.23644550264702,2.92226220555987,0.0190284150408085,0.584702769503467
"12224","CYRIA","chr2",-0.290213149,0.444433849,0.734646998,"hg38_genes_introns",1.23561935648743,1.23644550264702,2.92226220555987,0.0190284150408085,0.584702769503467
"12225","CYRIA","chr2",-0.328629183,0.45220835,0.780837533,"hg38_genes_introns",1.23561935648743,1.23644550264702,2.92226220555987,0.0190284150408085,0.584702769503467
"12227","CYRIA","chr2",-0.290213149,0.444433849,0.734646998,"hg38_genes_exonintronboundaries",1.23561935648743,1.23644550264702,2.92226220555987,0.0190284150408085,0.584702769503467
"12229","CYRIA","chr2",-0.290213149,0.444433849,0.734646998,"hg38_genes_exonintronboundaries",1.23561935648743,1.23644550264702,2.92226220555987,0.0190284150408085,0.584702769503467
"12230","CYRIA","chr2",-0.328629183,0.45220835,0.780837533,"hg38_genes_1to5kb",1.23561935648743,1.23644550264702,2.92226220555987,0.0190284150408085,0.584702769503467
"12231","CYRIA","chr2",-0.290213149,0.444433849,0.734646998,"hg38_genes_introns",1.23561935648743,1.23644550264702,2.92226220555987,0.0190284150408085,0.584702769503467
"12232","CYRIA","chr2",-0.259858445,0.54566052,0.805518965,"hg38_genes_introns",1.23561935648743,1.23644550264702,2.92226220555987,0.0190284150408085,0.584702769503467
"12233","CYRIA","chr2",-0.259858445,0.54566052,0.805518965,"hg38_genes_introns",1.23561935648743,1.23644550264702,2.92226220555987,0.0190284150408085,0.584702769503467
"12234","CYRIA","chr2",-0.290213149,0.444433849,0.734646998,"hg38_genes_exonintronboundaries",1.23561935648743,1.23644550264702,2.92226220555987,0.0190284150408085,0.584702769503467
"12237","CYRIA","chr2",-0.259858445,0.54566052,0.805518965,"hg38_genes_introns",1.23561935648743,1.23644550264702,2.92226220555987,0.0190284150408085,0.584702769503467
"12238","CYRIA","chr2",-0.290213149,0.444433849,0.734646998,"hg38_genes_introns",1.23561935648743,1.23644550264702,2.92226220555987,0.0190284150408085,0.584702769503467
"12239","CYRIA","chr2",-0.259858445,0.54566052,0.805518965,"hg38_genes_introns",1.23561935648743,1.23644550264702,2.92226220555987,0.0190284150408085,0.584702769503467
"12240","CYRIA","chr2",-0.290213149,0.444433849,0.734646998,"hg38_genes_introns",1.23561935648743,1.23644550264702,2.92226220555987,0.0190284150408085,0.584702769503467
"12452","DCLK1","chr13",-0.25082927,0.201240294,0.452069563,"hg38_genes_introns",1.62235201989308,1.62249178387956,5.99504680279365,0.00718442347869864,0.346357172435911
"12453","DCLK1","chr13",-0.25082927,0.201240294,0.452069563,"hg38_genes_introns",1.62235201989308,1.62249178387956,5.99504680279365,0.00718442347869864,0.346357172435911
"12460","DCLK1","chr13",-0.25082927,0.201240294,0.452069563,"hg38_genes_introns",1.62235201989308,1.62249178387956,5.99504680279365,0.00718442347869864,0.346357172435911
"12652","DENND2A","chr7",-0.283745853,0.465702763,0.749448616,"hg38_genes_introns",1.66353930281471,1.66392748853202,4.58220792340116,5.46750889668265e-06,0.00260071173185538
"12653","DENND2A","chr7",-0.283745853,0.465702763,0.749448616,"hg38_genes_introns",1.66353930281471,1.66392748853202,4.58220792340116,5.46750889668265e-06,0.00260071173185538
"12654","DENND2A","chr7",-0.221347261,0.258444653,0.479791914,"hg38_genes_exonintronboundaries",1.66353930281471,1.66392748853202,4.58220792340116,5.46750889668265e-06,0.00260071173185538
"12655","DENND2A","chr7",-0.283745853,0.465702763,0.749448616,"hg38_genes_introns",1.66353930281471,1.66392748853202,4.58220792340116,5.46750889668265e-06,0.00260071173185538
"12656","DENND2A","chr7",-0.283745853,0.465702763,0.749448616,"hg38_genes_introns",1.66353930281471,1.66392748853202,4.58220792340116,5.46750889668265e-06,0.00260071173185538
"12657","DENND2A","chr7",-0.370088382,0.328576063,0.698664446,"hg38_genes_introns",1.66353930281471,1.66392748853202,4.58220792340116,5.46750889668265e-06,0.00260071173185538
"12658","DENND2A","chr7",-0.283745853,0.465702763,0.749448616,"hg38_genes_introns",1.66353930281471,1.66392748853202,4.58220792340116,5.46750889668265e-06,0.00260071173185538
"12659","DENND2A","chr7",-0.370088382,0.328576063,0.698664446,"hg38_genes_introns",1.66353930281471,1.66392748853202,4.58220792340116,5.46750889668265e-06,0.00260071173185538
"12660","DENND2A","chr7",-0.283745853,0.465702763,0.749448616,"hg38_genes_introns",1.66353930281471,1.66392748853202,4.58220792340116,5.46750889668265e-06,0.00260071173185538
"12661","DENND2A","chr7",-0.221347261,0.258444653,0.479791914,"hg38_genes_introns",1.66353930281471,1.66392748853202,4.58220792340116,5.46750889668265e-06,0.00260071173185538
"12662","DENND2A","chr7",-0.221347261,0.258444653,0.479791914,"hg38_genes_promoters",1.66353930281471,1.66392748853202,4.58220792340116,5.46750889668265e-06,0.00260071173185538
"12663","DENND2A","chr7",-0.221347261,0.258444653,0.479791914,"hg38_genes_1to5kb",1.66353930281471,1.66392748853202,4.58220792340116,5.46750889668265e-06,0.00260071173185538
"12664","DENND2A","chr7",-0.221347261,0.258444653,0.479791914,"hg38_genes_promoters",1.66353930281471,1.66392748853202,4.58220792340116,5.46750889668265e-06,0.00260071173185538
"12665","DENND2A","chr7",-0.221347261,0.258444653,0.479791914,"hg38_genes_promoters",1.66353930281471,1.66392748853202,4.58220792340116,5.46750889668265e-06,0.00260071173185538
"12666","DENND2A","chr7",-0.370088382,0.328576063,0.698664446,"hg38_genes_introns",1.66353930281471,1.66392748853202,4.58220792340116,5.46750889668265e-06,0.00260071173185538
"12667","DENND2A","chr7",-0.221347261,0.258444653,0.479791914,"hg38_genes_promoters",1.66353930281471,1.66392748853202,4.58220792340116,5.46750889668265e-06,0.00260071173185538
"12668","DENND2A","chr7",-0.370088382,0.328576063,0.698664446,"hg38_genes_introns",1.66353930281471,1.66392748853202,4.58220792340116,5.46750889668265e-06,0.00260071173185538
"12669","DENND2A","chr7",-0.370088382,0.328576063,0.698664446,"hg38_genes_introns",1.66353930281471,1.66392748853202,4.58220792340116,5.46750889668265e-06,0.00260071173185538
"12670","DENND2A","chr7",-0.221347261,0.258444653,0.479791914,"hg38_genes_intronexonboundaries",1.66353930281471,1.66392748853202,4.58220792340116,5.46750889668265e-06,0.00260071173185538
"12671","DENND2A","chr7",-0.370088382,0.328576063,0.698664446,"hg38_genes_introns",1.66353930281471,1.66392748853202,4.58220792340116,5.46750889668265e-06,0.00260071173185538
"15985","EVA1C","chr21",-0.271714713,0.477524465,0.749239178,"hg38_genes_introns",1.28183158461718,1.28257929293143,3.15488090417878,0.0190940077497278,0.584702769503467
"15986","EVA1C","chr21",-0.271714713,0.477524465,0.749239178,"hg38_genes_introns",1.28183158461718,1.28257929293143,3.15488090417878,0.0190940077497278,0.584702769503467
"15987","EVA1C","chr21",-0.271714713,0.477524465,0.749239178,"hg38_genes_1to5kb",1.28183158461718,1.28257929293143,3.15488090417878,0.0190940077497278,0.584702769503467
"15988","EVA1C","chr21",-0.271714713,0.477524465,0.749239178,"hg38_genes_introns",1.28183158461718,1.28257929293143,3.15488090417878,0.0190940077497278,0.584702769503467
"15989","EVA1C","chr21",-0.271714713,0.477524465,0.749239178,"hg38_genes_introns",1.28183158461718,1.28257929293143,3.15488090417878,0.0190940077497278,0.584702769503467
"15990","EVA1C","chr21",-0.271714713,0.477524465,0.749239178,"hg38_genes_introns",1.28183158461718,1.28257929293143,3.15488090417878,0.0190940077497278,0.584702769503467
"15991","EVA1C","chr21",-0.271714713,0.477524465,0.749239178,"hg38_genes_introns",1.28183158461718,1.28257929293143,3.15488090417878,0.0190940077497278,0.584702769503467
"15992","EVA1C","chr21",-0.271714713,0.477524465,0.749239178,"hg38_genes_introns",1.28183158461718,1.28257929293143,3.15488090417878,0.0190940077497278,0.584702769503467
"15993","EVA1C","chr21",-0.271714713,0.477524465,0.749239178,"hg38_genes_introns",1.28183158461718,1.28257929293143,3.15488090417878,0.0190940077497278,0.584702769503467
"15994","EVA1C","chr21",-0.271714713,0.477524465,0.749239178,"hg38_genes_introns",1.28183158461718,1.28257929293143,3.15488090417878,0.0190940077497278,0.584702769503467
"16263","FADS2","chr11",-0.243380995,0.640283938,0.883664933,"hg38_genes_1to5kb",1.61553731618251,1.61560188574346,7.10194678842359,0.0059800439487716,0.309247508251431
"16264","FADS2","chr11",-0.243380995,0.640283938,0.883664933,"hg38_genes_introns",1.61553731618251,1.61560188574346,7.10194678842359,0.0059800439487716,0.309247508251431
"16265","FADS2","chr11",-0.243380995,0.640283938,0.883664933,"hg38_genes_promoters",1.61553731618251,1.61560188574346,7.10194678842359,0.0059800439487716,0.309247508251431
"16266","FADS2","chr11",-0.243380995,0.640283938,0.883664933,"hg38_genes_introns",1.61553731618251,1.61560188574346,7.10194678842359,0.0059800439487716,0.309247508251431
"16267","FADS2","chr11",-0.243380995,0.640283938,0.883664933,"hg38_genes_introns",1.61553731618251,1.61560188574346,7.10194678842359,0.0059800439487716,0.309247508251431
"16268","FADS2","chr11",-0.243380995,0.640283938,0.883664933,"hg38_genes_introns",1.61553731618251,1.61560188574346,7.10194678842359,0.0059800439487716,0.309247508251431
"16269","FADS2","chr11",-0.243380995,0.640283938,0.883664933,"hg38_genes_introns",1.61553731618251,1.61560188574346,7.10194678842359,0.0059800439487716,0.309247508251431
"16270","FADS2","chr11",-0.243380995,0.640283938,0.883664933,"hg38_genes_introns",1.61553731618251,1.61560188574346,7.10194678842359,0.0059800439487716,0.309247508251431
"16271","FADS2","chr11",-0.243380995,0.640283938,0.883664933,"hg38_genes_introns",1.61553731618251,1.61560188574346,7.10194678842359,0.0059800439487716,0.309247508251431
"16272","FADS2","chr11",-0.243380995,0.640283938,0.883664933,"hg38_genes_introns",1.61553731618251,1.61560188574346,7.10194678842359,0.0059800439487716,0.309247508251431
"17130","FGF13","chrX",-0.293240026,0.279294719,0.572534745,"hg38_genes_introns",1.4140763654494,1.41441372276819,4.46609961210281,0.0307470252384842,0.763978242037706
"17131","FGF13","chrX",-0.293240026,0.279294719,0.572534745,"hg38_genes_introns",1.4140763654494,1.41441372276819,4.46609961210281,0.0307470252384842,0.763978242037706
"17132","FGF13","chrX",-0.293240026,0.279294719,0.572534745,"hg38_genes_introns",1.4140763654494,1.41441372276819,4.46609961210281,0.0307470252384842,0.763978242037706
"17133","FGF13","chrX",-0.293240026,0.279294719,0.572534745,"hg38_genes_introns",1.4140763654494,1.41441372276819,4.46609961210281,0.0307470252384842,0.763978242037706
"17134","FGF13","chrX",-0.293240026,0.279294719,0.572534745,"hg38_genes_introns",1.4140763654494,1.41441372276819,4.46609961210281,0.0307470252384842,0.763978242037706
"17135","FGF13","chrX",-0.293240026,0.279294719,0.572534745,"hg38_genes_introns",1.4140763654494,1.41441372276819,4.46609961210281,0.0307470252384842,0.763978242037706
"18834","GALNT15","chr3",-0.230383777,0.668625283,0.89900906,"hg38_genes_firstexons",2.12781798058625,2.12792242723841,6.9922139854418,0.000409331854153886,0.0535886748511555
"18835","GALNT15","chr3",-0.230383777,0.668625283,0.89900906,"hg38_genes_cds",2.12781798058625,2.12792242723841,6.9922139854418,0.000409331854153886,0.0535886748511555
"18836","GALNT15","chr3",-0.230383777,0.668625283,0.89900906,"hg38_genes_exonintronboundaries",2.12781798058625,2.12792242723841,6.9922139854418,0.000409331854153886,0.0535886748511555
"18837","GALNT15","chr3",-0.230383777,0.668625283,0.89900906,"hg38_genes_firstexons",2.12781798058625,2.12792242723841,6.9922139854418,0.000409331854153886,0.0535886748511555
"18838","GALNT15","chr3",-0.230383777,0.668625283,0.89900906,"hg38_genes_exonintronboundaries",2.12781798058625,2.12792242723841,6.9922139854418,0.000409331854153886,0.0535886748511555
"18839","GALNT15","chr3",-0.230383777,0.668625283,0.89900906,"hg38_genes_cds",2.12781798058625,2.12792242723841,6.9922139854418,0.000409331854153886,0.0535886748511555
"18840","GALNT15","chr3",-0.230383777,0.668625283,0.89900906,"hg38_genes_exons",2.12781798058625,2.12792242723841,6.9922139854418,0.000409331854153886,0.0535886748511555
"18842","GALNT15","chr3",-0.230383777,0.668625283,0.89900906,"hg38_genes_exonintronboundaries",2.12781798058625,2.12792242723841,6.9922139854418,0.000409331854153886,0.0535886748511555
"18843","GALNT15","chr3",-0.230383777,0.668625283,0.89900906,"hg38_genes_exons",2.12781798058625,2.12792242723841,6.9922139854418,0.000409331854153886,0.0535886748511555
"18846","GALNT15","chr3",-0.302320903,0.531876095,0.834196998,"hg38_genes_introns",2.12781798058625,2.12792242723841,6.9922139854418,0.000409331854153886,0.0535886748511555
"18847","GALNT15","chr3",-0.230383777,0.668625283,0.89900906,"hg38_genes_exons",2.12781798058625,2.12792242723841,6.9922139854418,0.000409331854153886,0.0535886748511555
"18848","GALNT15","chr3",-0.302320903,0.531876095,0.834196998,"hg38_genes_introns",2.12781798058625,2.12792242723841,6.9922139854418,0.000409331854153886,0.0535886748511555
"18850","GALNT15","chr3",-0.302320903,0.531876095,0.834196998,"hg38_genes_introns",2.12781798058625,2.12792242723841,6.9922139854418,0.000409331854153886,0.0535886748511555
"18851","GALNT15","chr3",-0.230383777,0.668625283,0.89900906,"hg38_genes_promoters",2.12781798058625,2.12792242723841,6.9922139854418,0.000409331854153886,0.0535886748511555
"18852","GALNT15","chr3",-0.230383777,0.668625283,0.89900906,"hg38_genes_exonintronboundaries",2.12781798058625,2.12792242723841,6.9922139854418,0.000409331854153886,0.0535886748511555
"18854","GALNT15","chr3",-0.230383777,0.668625283,0.89900906,"hg38_genes_firstexons",2.12781798058625,2.12792242723841,6.9922139854418,0.000409331854153886,0.0535886748511555
"18855","GALNT16","chr14",-0.256922392,0.147288124,0.404210516,"hg38_genes_introns",1.19568441623328,1.195829285893,5.39471043342609,0.0481156163816995,0.992210759778688
"18856","GALNT16","chr14",-0.256922392,0.147288124,0.404210516,"hg38_genes_introns",1.19568441623328,1.195829285893,5.39471043342609,0.0481156163816995,0.992210759778688
"18857","GALNT16","chr14",-0.256922392,0.147288124,0.404210516,"hg38_genes_introns",1.19568441623328,1.195829285893,5.39471043342609,0.0481156163816995,0.992210759778688
"18858","GALNT16","chr14",-0.256922392,0.147288124,0.404210516,"hg38_genes_introns",1.19568441623328,1.195829285893,5.39471043342609,0.0481156163816995,0.992210759778688
"18859","GALNT16","chr14",-0.256922392,0.147288124,0.404210516,"hg38_genes_introns",1.19568441623328,1.195829285893,5.39471043342609,0.0481156163816995,0.992210759778688
"18860","GALNT16","chr14",-0.256922392,0.147288124,0.404210516,"hg38_genes_introns",1.19568441623328,1.195829285893,5.39471043342609,0.0481156163816995,0.992210759778688
"18861","GALNT16","chr14",-0.256922392,0.147288124,0.404210516,"hg38_genes_introns",1.19568441623328,1.195829285893,5.39471043342609,0.0481156163816995,0.992210759778688
"19171","GLDN","chr15",-0.227872248,0.166321026,0.394193275,"hg38_genes_introns",1.61517455439403,1.61552569050075,4.66451779476379,0.0263260853082066,0.707482556211127
"19172","GLDN","chr15",-0.227872248,0.166321026,0.394193275,"hg38_genes_introns",1.61517455439403,1.61552569050075,4.66451779476379,0.0263260853082066,0.707482556211127
"19173","GLDN","chr15",-0.227872248,0.166321026,0.394193275,"hg38_genes_introns",1.61517455439403,1.61552569050075,4.66451779476379,0.0263260853082066,0.707482556211127
"19174","GLDN","chr15",-0.227872248,0.166321026,0.394193275,"hg38_genes_introns",1.61517455439403,1.61552569050075,4.66451779476379,0.0263260853082066,0.707482556211127
"19245","GLIS3","chr9",-0.285388396,0.322172485,0.607560881,"hg38_genes_introns",1.05802669716782,1.05810859570293,6.00474898353675,0.00549654232976911,0.297104769112898
"19247","GLIS3","chr9",-0.278564761,0.259882985,0.538447746,"hg38_genes_introns",1.05802669716782,1.05810859570293,6.00474898353675,0.00549654232976911,0.297104769112898
"19253","GLIS3","chr9",-0.278564761,0.259882985,0.538447746,"hg38_genes_1to5kb",1.05802669716782,1.05810859570293,6.00474898353675,0.00549654232976911,0.297104769112898
"19254","GLIS3","chr9",-0.285388396,0.322172485,0.607560881,"hg38_genes_introns",1.05802669716782,1.05810859570293,6.00474898353675,0.00549654232976911,0.297104769112898
"19261","GLIS3","chr9",-0.278564761,0.259882985,0.538447746,"hg38_genes_introns",1.05802669716782,1.05810859570293,6.00474898353675,0.00549654232976911,0.297104769112898
"19264","GLIS3","chr9",-0.312854812,0.466194732,0.779049544,"hg38_genes_introns",1.05802669716782,1.05810859570293,6.00474898353675,0.00549654232976911,0.297104769112898
"19266","GLIS3","chr9",-0.312854812,0.466194732,0.779049544,"hg38_genes_introns",1.05802669716782,1.05810859570293,6.00474898353675,0.00549654232976911,0.297104769112898
"19269","GLIS3","chr9",-0.312854812,0.466194732,0.779049544,"hg38_genes_introns",1.05802669716782,1.05810859570293,6.00474898353675,0.00549654232976911,0.297104769112898
"19276","GLIS3","chr9",-0.278564761,0.259882985,0.538447746,"hg38_genes_introns",1.05802669716782,1.05810859570293,6.00474898353675,0.00549654232976911,0.297104769112898
"19277","GLIS3","chr9",-0.278564761,0.259882985,0.538447746,"hg38_genes_introns",1.05802669716782,1.05810859570293,6.00474898353675,0.00549654232976911,0.297104769112898
"19279","GLIS3","chr9",-0.312854812,0.466194732,0.779049544,"hg38_genes_introns",1.05802669716782,1.05810859570293,6.00474898353675,0.00549654232976911,0.297104769112898
"19282","GLIS3","chr9",-0.312854812,0.466194732,0.779049544,"hg38_genes_introns",1.05802669716782,1.05810859570293,6.00474898353675,0.00549654232976911,0.297104769112898
"19283","GLIS3","chr9",-0.312854812,0.466194732,0.779049544,"hg38_genes_introns",1.05802669716782,1.05810859570293,6.00474898353675,0.00549654232976911,0.297104769112898
"19287","GLIS3","chr9",-0.278564761,0.259882985,0.538447746,"hg38_genes_introns",1.05802669716782,1.05810859570293,6.00474898353675,0.00549654232976911,0.297104769112898
"19290","GLIS3","chr9",-0.285388396,0.322172485,0.607560881,"hg38_genes_introns",1.05802669716782,1.05810859570293,6.00474898353675,0.00549654232976911,0.297104769112898
"19292","GLIS3","chr9",-0.285388396,0.322172485,0.607560881,"hg38_genes_introns",1.05802669716782,1.05810859570293,6.00474898353675,0.00549654232976911,0.297104769112898
"19299","GLIS3","chr9",-0.278564761,0.259882985,0.538447746,"hg38_genes_introns",1.05802669716782,1.05810859570293,6.00474898353675,0.00549654232976911,0.297104769112898
"19305","GLIS3","chr9",-0.285388396,0.322172485,0.607560881,"hg38_genes_introns",1.05802669716782,1.05810859570293,6.00474898353675,0.00549654232976911,0.297104769112898
"19306","GLIS3","chr9",-0.285388396,0.322172485,0.607560881,"hg38_genes_introns",1.05802669716782,1.05810859570293,6.00474898353675,0.00549654232976911,0.297104769112898
"19580","GPC6","chr13",-0.282285891,0.599669781,0.881955672,"hg38_genes_introns",1.31880612976442,1.31890699323178,6.08180044341344,0.0107967029953173,0.418217839964204
"19581","GPC6","chr13",-0.2948241,0.437594987,0.732419087,"hg38_genes_introns",1.31880612976442,1.31890699323178,6.08180044341344,0.0107967029953173,0.418217839964204
"19582","GPC6","chr13",-0.233495372,0.627630116,0.861125488,"hg38_genes_introns",1.31880612976442,1.31890699323178,6.08180044341344,0.0107967029953173,0.418217839964204
"19583","GPC6","chr13",-0.262990741,0.6464698,0.909460541,"hg38_genes_introns",1.31880612976442,1.31890699323178,6.08180044341344,0.0107967029953173,0.418217839964204
"19588","GPC6","chr13",-0.358556355,0.468125256,0.826681611,"hg38_genes_introns",1.31880612976442,1.31890699323178,6.08180044341344,0.0107967029953173,0.418217839964204
"19594","GPC6","chr13",-0.31882737,0.447709757,0.766537126,"hg38_genes_introns",1.31880612976442,1.31890699323178,6.08180044341344,0.0107967029953173,0.418217839964204
"19596","GPC6","chr13",-0.330769421,0.270082465,0.600851886,"hg38_genes_introns",1.31880612976442,1.31890699323178,6.08180044341344,0.0107967029953173,0.418217839964204
"19599","GPC6","chr13",-0.252291494,0.564868745,0.817160239,"hg38_genes_introns",1.31880612976442,1.31890699323178,6.08180044341344,0.0107967029953173,0.418217839964204
"19601","GPC6","chr13",-0.381152501,0.499934696,0.881087197,"hg38_genes_introns",1.31880612976442,1.31890699323178,6.08180044341344,0.0107967029953173,0.418217839964204
"19602","GPC6","chr13",-0.358556355,0.468125256,0.826681611,"hg38_genes_introns",1.31880612976442,1.31890699323178,6.08180044341344,0.0107967029953173,0.418217839964204
"19603","GPC6","chr13",-0.258988138,0.443440351,0.702428489,"hg38_genes_introns",1.31880612976442,1.31890699323178,6.08180044341344,0.0107967029953173,0.418217839964204
"19605","GPC6","chr13",-0.010422708,0.698937799,0.709360507,"hg38_genes_introns",1.31880612976442,1.31890699323178,6.08180044341344,0.0107967029953173,0.418217839964204
"19608","GPC6","chr13",-0.318270155,0.586220676,0.904490831,"hg38_genes_introns",1.31880612976442,1.31890699323178,6.08180044341344,0.0107967029953173,0.418217839964204
"19612","GPC6","chr13",-0.246505254,0.575949033,0.822454288,"hg38_genes_introns",1.31880612976442,1.31890699323178,6.08180044341344,0.0107967029953173,0.418217839964204
"19615","GPC6","chr13",-0.345010424,0.484835169,0.829845593,"hg38_genes_introns",1.31880612976442,1.31890699323178,6.08180044341344,0.0107967029953173,0.418217839964204
"21597","HRH1","chr3",-0.24066301,0.101777911,0.342440921,"hg38_genes_introns",1.04676196316286,1.04807528683562,2.01961957352493,0.0278114081532967,0.726298187313121
"21598","HRH1","chr3",-0.237950519,0.138921789,0.376872308,"hg38_genes_introns",1.04676196316286,1.04807528683562,2.01961957352493,0.0278114081532967,0.726298187313121
"21599","HRH1","chr3",-0.24066301,0.101777911,0.342440921,"hg38_genes_introns",1.04676196316286,1.04807528683562,2.01961957352493,0.0278114081532967,0.726298187313121
"21600","HRH1","chr3",-0.24066301,0.101777911,0.342440921,"hg38_genes_introns",1.04676196316286,1.04807528683562,2.01961957352493,0.0278114081532967,0.726298187313121
"21986","IL16","chr15",-0.3727654,0.252924519,0.625689919,"hg38_genes_introns",1.52700035073573,1.52747352728953,4.13745054941194,2.73787037655603e-05,0.00849335005944665
"21987","IL16","chr15",-0.3727654,0.252924519,0.625689919,"hg38_genes_introns",1.52700035073573,1.52747352728953,4.13745054941194,2.73787037655603e-05,0.00849335005944665
"21988","IL16","chr15",-0.3727654,0.252924519,0.625689919,"hg38_genes_introns",1.52700035073573,1.52747352728953,4.13745054941194,2.73787037655603e-05,0.00849335005944665
"21989","IL16","chr15",-0.3727654,0.252924519,0.625689919,"hg38_genes_introns",1.52700035073573,1.52747352728953,4.13745054941194,2.73787037655603e-05,0.00849335005944665
"22585","IRX1","chr5",-0.314091568,0.09927114,0.413362708,"hg38_genes_introns",1.08442680979833,1.08484150647526,3.73244411537968,0.0399429771209028,0.904740132563941
"22586","IRX1","chr5",-0.314091568,0.09927114,0.413362708,"hg38_genes_exonintronboundaries",1.08442680979833,1.08484150647526,3.73244411537968,0.0399429771209028,0.904740132563941
"22587","IRX1","chr5",-0.314091568,0.09927114,0.413362708,"hg38_genes_introns",1.08442680979833,1.08484150647526,3.73244411537968,0.0399429771209028,0.904740132563941
"22588","IRX1","chr5",-0.314091568,0.09927114,0.413362708,"hg38_genes_intronexonboundaries",1.08442680979833,1.08484150647526,3.73244411537968,0.0399429771209028,0.904740132563941
"22589","IRX1","chr5",-0.314091568,0.09927114,0.413362708,"hg38_genes_exons",1.08442680979833,1.08484150647526,3.73244411537968,0.0399429771209028,0.904740132563941
"22590","IRX1","chr5",-0.314091568,0.09927114,0.413362708,"hg38_genes_introns",1.08442680979833,1.08484150647526,3.73244411537968,0.0399429771209028,0.904740132563941
"22591","IRX1","chr5",-0.314091568,0.09927114,0.413362708,"hg38_genes_exonintronboundaries",1.08442680979833,1.08484150647526,3.73244411537968,0.0399429771209028,0.904740132563941
"22592","IRX1","chr5",-0.314091568,0.09927114,0.413362708,"hg38_genes_cds",1.08442680979833,1.08484150647526,3.73244411537968,0.0399429771209028,0.904740132563941
"22593","IRX1","chr5",-0.314091568,0.09927114,0.413362708,"hg38_genes_intronexonboundaries",1.08442680979833,1.08484150647526,3.73244411537968,0.0399429771209028,0.904740132563941
"22594","IRX1","chr5",-0.314091568,0.09927114,0.413362708,"hg38_genes_cds",1.08442680979833,1.08484150647526,3.73244411537968,0.0399429771209028,0.904740132563941
"22595","IRX1","chr5",-0.314091568,0.09927114,0.413362708,"hg38_genes_exons",1.08442680979833,1.08484150647526,3.73244411537968,0.0399429771209028,0.904740132563941
"22596","IRX2","chr5",-0.289595678,0.200544913,0.490140591,"hg38_genes_intronexonboundaries",0.849874280936218,0.850108836768501,4.15297694448095,0.0493819968915518,0.999999999996168
"22597","IRX2","chr5",-0.289595678,0.200544913,0.490140591,"hg38_genes_introns",0.849874280936218,0.850108836768501,4.15297694448095,0.0493819968915518,0.999999999996168
"22598","IRX2","chr5",-0.289595678,0.200544913,0.490140591,"hg38_genes_exonintronboundaries",0.849874280936218,0.850108836768501,4.15297694448095,0.0493819968915518,0.999999999996168
"22599","IRX2","chr5",-0.289595678,0.200544913,0.490140591,"hg38_genes_cds",0.849874280936218,0.850108836768501,4.15297694448095,0.0493819968915518,0.999999999996168
"22600","IRX2","chr5",-0.289595678,0.200544913,0.490140591,"hg38_genes_3UTRs",0.849874280936218,0.850108836768501,4.15297694448095,0.0493819968915518,0.999999999996168
"22601","IRX2","chr5",-0.289595678,0.200544913,0.490140591,"hg38_genes_exons",0.849874280936218,0.850108836768501,4.15297694448095,0.0493819968915518,0.999999999996168
"22602","IRX2","chr5",-0.289595678,0.200544913,0.490140591,"hg38_genes_exonintronboundaries",0.849874280936218,0.850108836768501,4.15297694448095,0.0493819968915518,0.999999999996168
"22603","IRX2","chr5",-0.289595678,0.200544913,0.490140591,"hg38_genes_intronexonboundaries",0.849874280936218,0.850108836768501,4.15297694448095,0.0493819968915518,0.999999999996168
"22604","IRX2","chr5",-0.289595678,0.200544913,0.490140591,"hg38_genes_exons",0.849874280936218,0.850108836768501,4.15297694448095,0.0493819968915518,0.999999999996168
"22605","IRX2","chr5",-0.289595678,0.200544913,0.490140591,"hg38_genes_exons",0.849874280936218,0.850108836768501,4.15297694448095,0.0493819968915518,0.999999999996168
"22606","IRX2","chr5",-0.289595678,0.200544913,0.490140591,"hg38_genes_intronexonboundaries",0.849874280936218,0.850108836768501,4.15297694448095,0.0493819968915518,0.999999999996168
"22607","IRX2","chr5",-0.289595678,0.200544913,0.490140591,"hg38_genes_cds",0.849874280936218,0.850108836768501,4.15297694448095,0.0493819968915518,0.999999999996168
"22608","IRX2","chr5",-0.289595678,0.200544913,0.490140591,"hg38_genes_introns",0.849874280936218,0.850108836768501,4.15297694448095,0.0493819968915518,0.999999999996168
"22609","IRX2","chr5",-0.289595678,0.200544913,0.490140591,"hg38_genes_cds",0.849874280936218,0.850108836768501,4.15297694448095,0.0493819968915518,0.999999999996168
"22610","IRX2","chr5",-0.289595678,0.200544913,0.490140591,"hg38_genes_intronexonboundaries",0.849874280936218,0.850108836768501,4.15297694448095,0.0493819968915518,0.999999999996168
"22611","IRX2","chr5",-0.289595678,0.200544913,0.490140591,"hg38_genes_exons",0.849874280936218,0.850108836768501,4.15297694448095,0.0493819968915518,0.999999999996168
"22612","IRX2","chr5",-0.289595678,0.200544913,0.490140591,"hg38_genes_introns",0.849874280936218,0.850108836768501,4.15297694448095,0.0493819968915518,0.999999999996168
"22613","IRX2","chr5",-0.289595678,0.200544913,0.490140591,"hg38_genes_introns",0.849874280936218,0.850108836768501,4.15297694448095,0.0493819968915518,0.999999999996168
"22614","IRX2","chr5",-0.289595678,0.200544913,0.490140591,"hg38_genes_intronexonboundaries",0.849874280936218,0.850108836768501,4.15297694448095,0.0493819968915518,0.999999999996168
"22615","IRX2","chr5",-0.289595678,0.200544913,0.490140591,"hg38_genes_exonintronboundaries",0.849874280936218,0.850108836768501,4.15297694448095,0.0493819968915518,0.999999999996168
"22616","IRX2","chr5",-0.289595678,0.200544913,0.490140591,"hg38_genes_introns",0.849874280936218,0.850108836768501,4.15297694448095,0.0493819968915518,0.999999999996168
"22617","IRX2","chr5",-0.289595678,0.200544913,0.490140591,"hg38_genes_intronexonboundaries",0.849874280936218,0.850108836768501,4.15297694448095,0.0493819968915518,0.999999999996168
"22618","IRX2","chr5",-0.289595678,0.200544913,0.490140591,"hg38_genes_introns",0.849874280936218,0.850108836768501,4.15297694448095,0.0493819968915518,0.999999999996168
"22619","IRX2","chr5",-0.289595678,0.200544913,0.490140591,"hg38_genes_exonintronboundaries",0.849874280936218,0.850108836768501,4.15297694448095,0.0493819968915518,0.999999999996168
"22620","IRX2","chr5",-0.289595678,0.200544913,0.490140591,"hg38_genes_exons",0.849874280936218,0.850108836768501,4.15297694448095,0.0493819968915518,0.999999999996168
"22621","IRX2","chr5",-0.289595678,0.200544913,0.490140591,"hg38_genes_exonintronboundaries",0.849874280936218,0.850108836768501,4.15297694448095,0.0493819968915518,0.999999999996168
"22622","IRX2","chr5",-0.289595678,0.200544913,0.490140591,"hg38_genes_intronexonboundaries",0.849874280936218,0.850108836768501,4.15297694448095,0.0493819968915518,0.999999999996168
"22623","IRX2","chr5",-0.289595678,0.200544913,0.490140591,"hg38_genes_3UTRs",0.849874280936218,0.850108836768501,4.15297694448095,0.0493819968915518,0.999999999996168
"22624","IRX2","chr5",-0.289595678,0.200544913,0.490140591,"hg38_genes_cds",0.849874280936218,0.850108836768501,4.15297694448095,0.0493819968915518,0.999999999996168
"22625","IRX2","chr5",-0.289595678,0.200544913,0.490140591,"hg38_genes_introns",0.849874280936218,0.850108836768501,4.15297694448095,0.0493819968915518,0.999999999996168
"22626","IRX2","chr5",-0.289595678,0.200544913,0.490140591,"hg38_genes_cds",0.849874280936218,0.850108836768501,4.15297694448095,0.0493819968915518,0.999999999996168
"22627","IRX2","chr5",-0.289595678,0.200544913,0.490140591,"hg38_genes_exons",0.849874280936218,0.850108836768501,4.15297694448095,0.0493819968915518,0.999999999996168
"22628","IRX2","chr5",-0.289595678,0.200544913,0.490140591,"hg38_genes_cds",0.849874280936218,0.850108836768501,4.15297694448095,0.0493819968915518,0.999999999996168
"23425","KAZN","chr1",-0.265964009,0.506837641,0.77280165,"hg38_genes_introns",0.873169850045242,0.873321250558368,4.81426181322739,0.0377017702335039,0.871968008479903
"23434","KAZN","chr1",-0.254557414,0.508907294,0.763464708,"hg38_genes_introns",0.873169850045242,0.873321250558368,4.81426181322739,0.0377017702335039,0.871968008479903
"25413","LGALS3","chr14",-0.253869086,0.212174384,0.46604347,"hg38_genes_1to5kb",1.28427789086654,1.28432095181282,7.26186210023817,1.90293612780692e-05,0.00655742590223822
"25507","LIFR","chr5",-0.279480228,0.439030738,0.718510967,"hg38_genes_introns",0.924730819471366,0.924907212096893,4.67883859914304,0.011970022271591,0.436773393755225
"25508","LIFR","chr5",-0.279480228,0.439030738,0.718510967,"hg38_genes_introns",0.924730819471366,0.924907212096893,4.67883859914304,0.011970022271591,0.436773393755225
"25509","LIFR","chr5",-0.279480228,0.439030738,0.718510967,"hg38_genes_introns",0.924730819471366,0.924907212096893,4.67883859914304,0.011970022271591,0.436773393755225
"25510","LIFR","chr5",-0.279480228,0.439030738,0.718510967,"hg38_genes_introns",0.924730819471366,0.924907212096893,4.67883859914304,0.011970022271591,0.436773393755225
"25511","LIFR","chr5",-0.405920302,0.310133202,0.716053504,"hg38_genes_introns",0.924730819471366,0.924907212096893,4.67883859914304,0.011970022271591,0.436773393755225
"25512","LIFR","chr5",-0.405920302,0.310133202,0.716053504,"hg38_genes_introns",0.924730819471366,0.924907212096893,4.67883859914304,0.011970022271591,0.436773393755225
"25513","LIFR","chr5",-0.405920302,0.310133202,0.716053504,"hg38_genes_introns",0.924730819471366,0.924907212096893,4.67883859914304,0.011970022271591,0.436773393755225
"25514","LIFR","chr5",-0.405920302,0.310133202,0.716053504,"hg38_genes_introns",0.924730819471366,0.924907212096893,4.67883859914304,0.011970022271591,0.436773393755225
"25515","LIFR","chr5",-0.405920302,0.310133202,0.716053504,"hg38_genes_introns",0.924730819471366,0.924907212096893,4.67883859914304,0.011970022271591,0.436773393755225
"25516","LIFR","chr5",-0.279480228,0.439030738,0.718510967,"hg38_genes_introns",0.924730819471366,0.924907212096893,4.67883859914304,0.011970022271591,0.436773393755225
"29991","MAF","chr16",-0.342225576,0.363795172,0.706020748,"hg38_genes_firstexons",2.43070156660956,2.43108703851932,5.42532005787776,0.000227521100452141,0.0356783088291434
"29992","MAF","chr16",-0.342225576,0.363795172,0.706020748,"hg38_genes_exons",2.43070156660956,2.43108703851932,5.42532005787776,0.000227521100452141,0.0356783088291434
"29993","MAF","chr16",-0.293757933,0.289726217,0.58348415,"hg38_genes_introns",2.43070156660956,2.43108703851932,5.42532005787776,0.000227521100452141,0.0356783088291434
"29994","MAF","chr16",-0.342225576,0.363795172,0.706020748,"hg38_genes_introns",2.43070156660956,2.43108703851932,5.42532005787776,0.000227521100452141,0.0356783088291434
"29995","MAF","chr16",-0.342225576,0.363795172,0.706020748,"hg38_genes_introns",2.43070156660956,2.43108703851932,5.42532005787776,0.000227521100452141,0.0356783088291434
"29996","MAF","chr16",-0.342225576,0.363795172,0.706020748,"hg38_genes_3UTRs",2.43070156660956,2.43108703851932,5.42532005787776,0.000227521100452141,0.0356783088291434
"30224","MANSC1","chr12",-0.280409642,0.556000685,0.836410327,"hg38_genes_introns",1.4963416784991,1.49676185841786,4.25860939702523,0.00231546988961173,0.178604082836537
"30225","MANSC1","chr12",-0.280409642,0.556000685,0.836410327,"hg38_genes_introns",1.4963416784991,1.49676185841786,4.25860939702523,0.00231546988961173,0.178604082836537
"30226","MANSC1","chr12",-0.280409642,0.556000685,0.836410327,"hg38_genes_introns",1.4963416784991,1.49676185841786,4.25860939702523,0.00231546988961173,0.178604082836537
"30971","MBP","chr18",-0.269579849,0.370544245,0.640124094,"hg38_genes_introns",1.18234204302565,1.18245526757033,5.7270413596899,0.0369689254649973,0.856644627680116
"30972","MBP","chr18",-0.26602308,0.404135296,0.670158376,"hg38_genes_promoters",1.18234204302565,1.18245526757033,5.7270413596899,0.0369689254649973,0.856644627680116
"30973","MBP","chr18",-0.26602308,0.404135296,0.670158376,"hg38_genes_promoters",1.18234204302565,1.18245526757033,5.7270413596899,0.0369689254649973,0.856644627680116
"30974","MBP","chr18",-0.269579849,0.370544245,0.640124094,"hg38_genes_introns",1.18234204302565,1.18245526757033,5.7270413596899,0.0369689254649973,0.856644627680116
"30975","MBP","chr18",-0.269588641,0.233647951,0.503236592,"hg38_genes_introns",1.18234204302565,1.18245526757033,5.7270413596899,0.0369689254649973,0.856644627680116
"30976","MBP","chr18",-0.269579849,0.370544245,0.640124094,"hg38_genes_3UTRs",1.18234204302565,1.18245526757033,5.7270413596899,0.0369689254649973,0.856644627680116
"30977","MBP","chr18",-0.269579849,0.370544245,0.640124094,"hg38_genes_introns",1.18234204302565,1.18245526757033,5.7270413596899,0.0369689254649973,0.856644627680116
"30978","MBP","chr18",-0.269588641,0.233647951,0.503236592,"hg38_genes_introns",1.18234204302565,1.18245526757033,5.7270413596899,0.0369689254649973,0.856644627680116
"30979","MBP","chr18",-0.269579849,0.370544245,0.640124094,"hg38_genes_introns",1.18234204302565,1.18245526757033,5.7270413596899,0.0369689254649973,0.856644627680116
"30980","MBP","chr18",-0.269579849,0.370544245,0.640124094,"hg38_genes_introns",1.18234204302565,1.18245526757033,5.7270413596899,0.0369689254649973,0.856644627680116
"30981","MBP","chr18",-0.269579849,0.370544245,0.640124094,"hg38_genes_introns",1.18234204302565,1.18245526757033,5.7270413596899,0.0369689254649973,0.856644627680116
"30982","MBP","chr18",-0.269579849,0.370544245,0.640124094,"hg38_genes_introns",1.18234204302565,1.18245526757033,5.7270413596899,0.0369689254649973,0.856644627680116
"30983","MBP","chr18",-0.269579849,0.370544245,0.640124094,"hg38_genes_introns",1.18234204302565,1.18245526757033,5.7270413596899,0.0369689254649973,0.856644627680116
"30984","MBP","chr18",-0.269579849,0.370544245,0.640124094,"hg38_genes_introns",1.18234204302565,1.18245526757033,5.7270413596899,0.0369689254649973,0.856644627680116
"30985","MBP","chr18",-0.269579849,0.370544245,0.640124094,"hg38_genes_introns",1.18234204302565,1.18245526757033,5.7270413596899,0.0369689254649973,0.856644627680116
"30986","MBP","chr18",-0.269579849,0.370544245,0.640124094,"hg38_genes_introns",1.18234204302565,1.18245526757033,5.7270413596899,0.0369689254649973,0.856644627680116
"30987","MBP","chr18",-0.269579849,0.370544245,0.640124094,"hg38_genes_introns",1.18234204302565,1.18245526757033,5.7270413596899,0.0369689254649973,0.856644627680116
"30988","MBP","chr18",-0.269579849,0.370544245,0.640124094,"hg38_genes_introns",1.18234204302565,1.18245526757033,5.7270413596899,0.0369689254649973,0.856644627680116
"30989","MBP","chr18",-0.269579849,0.370544245,0.640124094,"hg38_genes_introns",1.18234204302565,1.18245526757033,5.7270413596899,0.0369689254649973,0.856644627680116
"30990","MBP","chr18",-0.269579849,0.370544245,0.640124094,"hg38_genes_introns",1.18234204302565,1.18245526757033,5.7270413596899,0.0369689254649973,0.856644627680116
"30991","MBP","chr18",-0.269579849,0.370544245,0.640124094,"hg38_genes_introns",1.18234204302565,1.18245526757033,5.7270413596899,0.0369689254649973,0.856644627680116
"30992","MBP","chr18",-0.269579849,0.370544245,0.640124094,"hg38_genes_introns",1.18234204302565,1.18245526757033,5.7270413596899,0.0369689254649973,0.856644627680116
"30993","MBP","chr18",-0.269579849,0.370544245,0.640124094,"hg38_genes_3UTRs",1.18234204302565,1.18245526757033,5.7270413596899,0.0369689254649973,0.856644627680116
"30994","MBP","chr18",-0.269579849,0.370544245,0.640124094,"hg38_genes_introns",1.18234204302565,1.18245526757033,5.7270413596899,0.0369689254649973,0.856644627680116
"30995","MBP","chr18",-0.26602308,0.404135296,0.670158376,"hg38_genes_exonintronboundaries",1.18234204302565,1.18245526757033,5.7270413596899,0.0369689254649973,0.856644627680116
"30996","MBP","chr18",-0.269579849,0.370544245,0.640124094,"hg38_genes_introns",1.18234204302565,1.18245526757033,5.7270413596899,0.0369689254649973,0.856644627680116
"30997","MBP","chr18",-0.269579849,0.370544245,0.640124094,"hg38_genes_introns",1.18234204302565,1.18245526757033,5.7270413596899,0.0369689254649973,0.856644627680116
"30998","MBP","chr18",-0.269579849,0.370544245,0.640124094,"hg38_genes_introns",1.18234204302565,1.18245526757033,5.7270413596899,0.0369689254649973,0.856644627680116
"30999","MBP","chr18",-0.269579849,0.370544245,0.640124094,"hg38_genes_introns",1.18234204302565,1.18245526757033,5.7270413596899,0.0369689254649973,0.856644627680116
"31000","MBP","chr18",-0.269579849,0.370544245,0.640124094,"hg38_genes_introns",1.18234204302565,1.18245526757033,5.7270413596899,0.0369689254649973,0.856644627680116
"31001","MBP","chr18",-0.269588641,0.233647951,0.503236592,"hg38_genes_introns",1.18234204302565,1.18245526757033,5.7270413596899,0.0369689254649973,0.856644627680116
"31002","MBP","chr18",-0.269579849,0.370544245,0.640124094,"hg38_genes_exons",1.18234204302565,1.18245526757033,5.7270413596899,0.0369689254649973,0.856644627680116
"31003","MBP","chr18",-0.269588641,0.233647951,0.503236592,"hg38_genes_introns",1.18234204302565,1.18245526757033,5.7270413596899,0.0369689254649973,0.856644627680116
"31004","MBP","chr18",-0.269579849,0.370544245,0.640124094,"hg38_genes_introns",1.18234204302565,1.18245526757033,5.7270413596899,0.0369689254649973,0.856644627680116
"31005","MBP","chr18",-0.269579849,0.370544245,0.640124094,"hg38_genes_introns",1.18234204302565,1.18245526757033,5.7270413596899,0.0369689254649973,0.856644627680116
"31006","MBP","chr18",-0.26602308,0.404135296,0.670158376,"hg38_genes_exonintronboundaries",1.18234204302565,1.18245526757033,5.7270413596899,0.0369689254649973,0.856644627680116
"31007","MBP","chr18",-0.269579849,0.370544245,0.640124094,"hg38_genes_introns",1.18234204302565,1.18245526757033,5.7270413596899,0.0369689254649973,0.856644627680116
"31008","MBP","chr18",-0.26602308,0.404135296,0.670158376,"hg38_genes_intronexonboundaries",1.18234204302565,1.18245526757033,5.7270413596899,0.0369689254649973,0.856644627680116
"31009","MBP","chr18",-0.269588641,0.233647951,0.503236592,"hg38_genes_introns",1.18234204302565,1.18245526757033,5.7270413596899,0.0369689254649973,0.856644627680116
"31010","MBP","chr18",-0.269588641,0.233647951,0.503236592,"hg38_genes_introns",1.18234204302565,1.18245526757033,5.7270413596899,0.0369689254649973,0.856644627680116
"31011","MBP","chr18",-0.269588641,0.233647951,0.503236592,"hg38_genes_introns",1.18234204302565,1.18245526757033,5.7270413596899,0.0369689254649973,0.856644627680116
"31012","MBP","chr18",-0.269579849,0.370544245,0.640124094,"hg38_genes_introns",1.18234204302565,1.18245526757033,5.7270413596899,0.0369689254649973,0.856644627680116
"31013","MBP","chr18",-0.269579849,0.370544245,0.640124094,"hg38_genes_introns",1.18234204302565,1.18245526757033,5.7270413596899,0.0369689254649973,0.856644627680116
"31014","MBP","chr18",-0.26602308,0.404135296,0.670158376,"hg38_genes_promoters",1.18234204302565,1.18245526757033,5.7270413596899,0.0369689254649973,0.856644627680116
"31015","MBP","chr18",-0.269588641,0.233647951,0.503236592,"hg38_genes_introns",1.18234204302565,1.18245526757033,5.7270413596899,0.0369689254649973,0.856644627680116
"31016","MBP","chr18",-0.26602308,0.404135296,0.670158376,"hg38_genes_intronexonboundaries",1.18234204302565,1.18245526757033,5.7270413596899,0.0369689254649973,0.856644627680116
"31017","MBP","chr18",-0.269588641,0.233647951,0.503236592,"hg38_genes_introns",1.18234204302565,1.18245526757033,5.7270413596899,0.0369689254649973,0.856644627680116
"31018","MBP","chr18",-0.269579849,0.370544245,0.640124094,"hg38_genes_introns",1.18234204302565,1.18245526757033,5.7270413596899,0.0369689254649973,0.856644627680116
"31019","MBP","chr18",-0.269579849,0.370544245,0.640124094,"hg38_genes_introns",1.18234204302565,1.18245526757033,5.7270413596899,0.0369689254649973,0.856644627680116
"31020","MBP","chr18",-0.269588641,0.233647951,0.503236592,"hg38_genes_introns",1.18234204302565,1.18245526757033,5.7270413596899,0.0369689254649973,0.856644627680116
"31021","MBP","chr18",-0.269588641,0.233647951,0.503236592,"hg38_genes_introns",1.18234204302565,1.18245526757033,5.7270413596899,0.0369689254649973,0.856644627680116
"31022","MBP","chr18",-0.269579849,0.370544245,0.640124094,"hg38_genes_1to5kb",1.18234204302565,1.18245526757033,5.7270413596899,0.0369689254649973,0.856644627680116
"31023","MBP","chr18",-0.269579849,0.370544245,0.640124094,"hg38_genes_introns",1.18234204302565,1.18245526757033,5.7270413596899,0.0369689254649973,0.856644627680116
"31024","MBP","chr18",-0.269588641,0.233647951,0.503236592,"hg38_genes_introns",1.18234204302565,1.18245526757033,5.7270413596899,0.0369689254649973,0.856644627680116
"31025","MBP","chr18",-0.269588641,0.233647951,0.503236592,"hg38_genes_introns",1.18234204302565,1.18245526757033,5.7270413596899,0.0369689254649973,0.856644627680116
"31026","MBP","chr18",-0.269579849,0.370544245,0.640124094,"hg38_genes_1to5kb",1.18234204302565,1.18245526757033,5.7270413596899,0.0369689254649973,0.856644627680116
"31027","MBP","chr18",-0.269579849,0.370544245,0.640124094,"hg38_genes_introns",1.18234204302565,1.18245526757033,5.7270413596899,0.0369689254649973,0.856644627680116
"31028","MBP","chr18",-0.26602308,0.404135296,0.670158376,"hg38_genes_promoters",1.18234204302565,1.18245526757033,5.7270413596899,0.0369689254649973,0.856644627680116
"31029","MBP","chr18",-0.26602308,0.404135296,0.670158376,"hg38_genes_1to5kb",1.18234204302565,1.18245526757033,5.7270413596899,0.0369689254649973,0.856644627680116
"31030","MBP","chr18",-0.269579849,0.370544245,0.640124094,"hg38_genes_exons",1.18234204302565,1.18245526757033,5.7270413596899,0.0369689254649973,0.856644627680116
"31031","MBP","chr18",-0.269579849,0.370544245,0.640124094,"hg38_genes_introns",1.18234204302565,1.18245526757033,5.7270413596899,0.0369689254649973,0.856644627680116
"31032","MBP","chr18",-0.26602308,0.404135296,0.670158376,"hg38_genes_introns",1.18234204302565,1.18245526757033,5.7270413596899,0.0369689254649973,0.856644627680116
"31033","MBP","chr18",-0.26602308,0.404135296,0.670158376,"hg38_genes_introns",1.18234204302565,1.18245526757033,5.7270413596899,0.0369689254649973,0.856644627680116
"31034","MBP","chr18",-0.269579849,0.370544245,0.640124094,"hg38_genes_introns",1.18234204302565,1.18245526757033,5.7270413596899,0.0369689254649973,0.856644627680116
"32705","MIR99AHG","chr21",-0.313340734,0.250546958,0.563887693,"hg38_genes_introns",1.18643475796063,1.18657684142724,5.40652252677945,0.00166947816436301,0.145303909851556
"32715","MIR99AHG","chr21",-0.313340734,0.250546958,0.563887693,"hg38_genes_introns",1.18643475796063,1.18657684142724,5.40652252677945,0.00166947816436301,0.145303909851556
"32717","MIR99AHG","chr21",-0.247985802,0.357575218,0.60556102,"hg38_genes_introns",1.18643475796063,1.18657684142724,5.40652252677945,0.00166947816436301,0.145303909851556
"32718","MIR99AHG","chr21",-0.313340734,0.250546958,0.563887693,"hg38_genes_introns",1.18643475796063,1.18657684142724,5.40652252677945,0.00166947816436301,0.145303909851556
"32725","MIR99AHG","chr21",-0.247985802,0.357575218,0.60556102,"hg38_genes_introns",1.18643475796063,1.18657684142724,5.40652252677945,0.00166947816436301,0.145303909851556
"32729","MIR99AHG","chr21",-0.247985802,0.357575218,0.60556102,"hg38_genes_introns",1.18643475796063,1.18657684142724,5.40652252677945,0.00166947816436301,0.145303909851556
"32743","MIR99AHG","chr21",-0.247985802,0.357575218,0.60556102,"hg38_genes_introns",1.18643475796063,1.18657684142724,5.40652252677945,0.00166947816436301,0.145303909851556
"32760","MIR99AHG","chr21",-0.313340734,0.250546958,0.563887693,"hg38_genes_introns",1.18643475796063,1.18657684142724,5.40652252677945,0.00166947816436301,0.145303909851556
"32769","MIR99AHG","chr21",-0.247985802,0.357575218,0.60556102,"hg38_genes_introns",1.18643475796063,1.18657684142724,5.40652252677945,0.00166947816436301,0.145303909851556
"32776","MIR99AHG","chr21",-0.241528058,0.337557866,0.579085924,"hg38_genes_introns",1.18643475796063,1.18657684142724,5.40652252677945,0.00166947816436301,0.145303909851556
"32785","MIR99AHG","chr21",-0.313340734,0.250546958,0.563887693,"hg38_genes_introns",1.18643475796063,1.18657684142724,5.40652252677945,0.00166947816436301,0.145303909851556
"32788","MIR99AHG","chr21",-0.241528058,0.337557866,0.579085924,"hg38_genes_introns",1.18643475796063,1.18657684142724,5.40652252677945,0.00166947816436301,0.145303909851556
"32794","MIR99AHG","chr21",-0.247985802,0.357575218,0.60556102,"hg38_genes_introns",1.18643475796063,1.18657684142724,5.40652252677945,0.00166947816436301,0.145303909851556
"32796","MIR99AHG","chr21",-0.247985802,0.357575218,0.60556102,"hg38_genes_introns",1.18643475796063,1.18657684142724,5.40652252677945,0.00166947816436301,0.145303909851556
"32811","MIR99AHG","chr21",-0.247985802,0.357575218,0.60556102,"hg38_genes_introns",1.18643475796063,1.18657684142724,5.40652252677945,0.00166947816436301,0.145303909851556
"32820","MIR99AHG","chr21",-0.247985802,0.357575218,0.60556102,"hg38_genes_introns",1.18643475796063,1.18657684142724,5.40652252677945,0.00166947816436301,0.145303909851556
"32825","MIR99AHG","chr21",-0.241528058,0.337557866,0.579085924,"hg38_genes_introns",1.18643475796063,1.18657684142724,5.40652252677945,0.00166947816436301,0.145303909851556
"32827","MIR99AHG","chr21",-0.247985802,0.357575218,0.60556102,"hg38_genes_introns",1.18643475796063,1.18657684142724,5.40652252677945,0.00166947816436301,0.145303909851556
"32828","MIR99AHG","chr21",-0.313340734,0.250546958,0.563887693,"hg38_genes_introns",1.18643475796063,1.18657684142724,5.40652252677945,0.00166947816436301,0.145303909851556
"32829","MIR99AHG","chr21",-0.241528058,0.337557866,0.579085924,"hg38_genes_introns",1.18643475796063,1.18657684142724,5.40652252677945,0.00166947816436301,0.145303909851556
"32844","MIR99AHG","chr21",-0.241528058,0.337557866,0.579085924,"hg38_genes_introns",1.18643475796063,1.18657684142724,5.40652252677945,0.00166947816436301,0.145303909851556
"32847","MIR99AHG","chr21",-0.247985802,0.357575218,0.60556102,"hg38_genes_introns",1.18643475796063,1.18657684142724,5.40652252677945,0.00166947816436301,0.145303909851556
"32848","MIR99AHG","chr21",-0.241528058,0.337557866,0.579085924,"hg38_genes_introns",1.18643475796063,1.18657684142724,5.40652252677945,0.00166947816436301,0.145303909851556
"32853","MIR99AHG","chr21",-0.247985802,0.357575218,0.60556102,"hg38_genes_introns",1.18643475796063,1.18657684142724,5.40652252677945,0.00166947816436301,0.145303909851556
"32854","MIR99AHG","chr21",-0.241528058,0.337557866,0.579085924,"hg38_genes_introns",1.18643475796063,1.18657684142724,5.40652252677945,0.00166947816436301,0.145303909851556
"32855","MIR99AHG","chr21",-0.241528058,0.337557866,0.579085924,"hg38_genes_introns",1.18643475796063,1.18657684142724,5.40652252677945,0.00166947816436301,0.145303909851556
"32859","MIR99AHG","chr21",-0.247985802,0.357575218,0.60556102,"hg38_genes_introns",1.18643475796063,1.18657684142724,5.40652252677945,0.00166947816436301,0.145303909851556
"32879","MIR99AHG","chr21",-0.247985802,0.357575218,0.60556102,"hg38_genes_introns",1.18643475796063,1.18657684142724,5.40652252677945,0.00166947816436301,0.145303909851556
"32887","MIR99AHG","chr21",-0.247985802,0.357575218,0.60556102,"hg38_genes_introns",1.18643475796063,1.18657684142724,5.40652252677945,0.00166947816436301,0.145303909851556
"32890","MIR99AHG","chr21",-0.247985802,0.357575218,0.60556102,"hg38_genes_introns",1.18643475796063,1.18657684142724,5.40652252677945,0.00166947816436301,0.145303909851556
"32908","MIR99AHG","chr21",-0.247985802,0.357575218,0.60556102,"hg38_genes_introns",1.18643475796063,1.18657684142724,5.40652252677945,0.00166947816436301,0.145303909851556
"32910","MIR99AHG","chr21",-0.241528058,0.337557866,0.579085924,"hg38_genes_introns",1.18643475796063,1.18657684142724,5.40652252677945,0.00166947816436301,0.145303909851556
"32914","MIR99AHG","chr21",-0.247985802,0.357575218,0.60556102,"hg38_genes_introns",1.18643475796063,1.18657684142724,5.40652252677945,0.00166947816436301,0.145303909851556
"32922","MIR99AHG","chr21",-0.247985802,0.357575218,0.60556102,"hg38_genes_introns",1.18643475796063,1.18657684142724,5.40652252677945,0.00166947816436301,0.145303909851556
"32925","MIR99AHG","chr21",-0.313340734,0.250546958,0.563887693,"hg38_genes_introns",1.18643475796063,1.18657684142724,5.40652252677945,0.00166947816436301,0.145303909851556
"32926","MIR99AHG","chr21",-0.247985802,0.357575218,0.60556102,"hg38_genes_introns",1.18643475796063,1.18657684142724,5.40652252677945,0.00166947816436301,0.145303909851556
"32939","MIR99AHG","chr21",-0.241528058,0.337557866,0.579085924,"hg38_genes_introns",1.18643475796063,1.18657684142724,5.40652252677945,0.00166947816436301,0.145303909851556
"32946","MIR99AHG","chr21",-0.313340734,0.250546958,0.563887693,"hg38_genes_introns",1.18643475796063,1.18657684142724,5.40652252677945,0.00166947816436301,0.145303909851556
"32948","MIR99AHG","chr21",-0.241528058,0.337557866,0.579085924,"hg38_genes_introns",1.18643475796063,1.18657684142724,5.40652252677945,0.00166947816436301,0.145303909851556
"32956","MIR99AHG","chr21",-0.241528058,0.337557866,0.579085924,"hg38_genes_introns",1.18643475796063,1.18657684142724,5.40652252677945,0.00166947816436301,0.145303909851556
"32962","MIR99AHG","chr21",-0.241528058,0.337557866,0.579085924,"hg38_genes_introns",1.18643475796063,1.18657684142724,5.40652252677945,0.00166947816436301,0.145303909851556
"32966","MIR99AHG","chr21",-0.247985802,0.357575218,0.60556102,"hg38_genes_introns",1.18643475796063,1.18657684142724,5.40652252677945,0.00166947816436301,0.145303909851556
"32972","MIR99AHG","chr21",-0.313340734,0.250546958,0.563887693,"hg38_genes_introns",1.18643475796063,1.18657684142724,5.40652252677945,0.00166947816436301,0.145303909851556
"32975","MIR99AHG","chr21",-0.241528058,0.337557866,0.579085924,"hg38_genes_introns",1.18643475796063,1.18657684142724,5.40652252677945,0.00166947816436301,0.145303909851556
"33002","MIR99AHG","chr21",-0.247985802,0.357575218,0.60556102,"hg38_genes_introns",1.18643475796063,1.18657684142724,5.40652252677945,0.00166947816436301,0.145303909851556
"33003","MIR99AHG","chr21",-0.247985802,0.357575218,0.60556102,"hg38_genes_introns",1.18643475796063,1.18657684142724,5.40652252677945,0.00166947816436301,0.145303909851556
"33013","MIR99AHG","chr21",-0.241528058,0.337557866,0.579085924,"hg38_genes_introns",1.18643475796063,1.18657684142724,5.40652252677945,0.00166947816436301,0.145303909851556
"33015","MIR99AHG","chr21",-0.241528058,0.337557866,0.579085924,"hg38_genes_introns",1.18643475796063,1.18657684142724,5.40652252677945,0.00166947816436301,0.145303909851556
"33046","MIR99AHG","chr21",-0.241528058,0.337557866,0.579085924,"hg38_genes_introns",1.18643475796063,1.18657684142724,5.40652252677945,0.00166947816436301,0.145303909851556
"33053","MIR99AHG","chr21",-0.313340734,0.250546958,0.563887693,"hg38_genes_introns",1.18643475796063,1.18657684142724,5.40652252677945,0.00166947816436301,0.145303909851556
"33057","MIR99AHG","chr21",-0.241528058,0.337557866,0.579085924,"hg38_genes_introns",1.18643475796063,1.18657684142724,5.40652252677945,0.00166947816436301,0.145303909851556
"33061","MIR99AHG","chr21",-0.241528058,0.337557866,0.579085924,"hg38_genes_introns",1.18643475796063,1.18657684142724,5.40652252677945,0.00166947816436301,0.145303909851556
"33064","MIR99AHG","chr21",-0.241528058,0.337557866,0.579085924,"hg38_genes_introns",1.18643475796063,1.18657684142724,5.40652252677945,0.00166947816436301,0.145303909851556
"33072","MIR99AHG","chr21",-0.241528058,0.337557866,0.579085924,"hg38_genes_introns",1.18643475796063,1.18657684142724,5.40652252677945,0.00166947816436301,0.145303909851556
"33073","MIR99AHG","chr21",-0.241528058,0.337557866,0.579085924,"hg38_genes_introns",1.18643475796063,1.18657684142724,5.40652252677945,0.00166947816436301,0.145303909851556
"33085","MIR99AHG","chr21",-0.241528058,0.337557866,0.579085924,"hg38_genes_introns",1.18643475796063,1.18657684142724,5.40652252677945,0.00166947816436301,0.145303909851556
"33111","MIR99AHG","chr21",-0.241528058,0.337557866,0.579085924,"hg38_genes_introns",1.18643475796063,1.18657684142724,5.40652252677945,0.00166947816436301,0.145303909851556
"33139","MIR99AHG","chr21",-0.241528058,0.337557866,0.579085924,"hg38_genes_introns",1.18643475796063,1.18657684142724,5.40652252677945,0.00166947816436301,0.145303909851556
"33149","MIR99AHG","chr21",-0.313340734,0.250546958,0.563887693,"hg38_genes_introns",1.18643475796063,1.18657684142724,5.40652252677945,0.00166947816436301,0.145303909851556
"33166","MIR99AHG","chr21",-0.247985802,0.357575218,0.60556102,"hg38_genes_introns",1.18643475796063,1.18657684142724,5.40652252677945,0.00166947816436301,0.145303909851556
"33174","MIR99AHG","chr21",-0.313340734,0.250546958,0.563887693,"hg38_genes_introns",1.18643475796063,1.18657684142724,5.40652252677945,0.00166947816436301,0.145303909851556
"33179","MIR99AHG","chr21",-0.313340734,0.250546958,0.563887693,"hg38_genes_introns",1.18643475796063,1.18657684142724,5.40652252677945,0.00166947816436301,0.145303909851556
"33191","MIR99AHG","chr21",-0.241528058,0.337557866,0.579085924,"hg38_genes_introns",1.18643475796063,1.18657684142724,5.40652252677945,0.00166947816436301,0.145303909851556
"33206","MIR99AHG","chr21",-0.247985802,0.357575218,0.60556102,"hg38_genes_introns",1.18643475796063,1.18657684142724,5.40652252677945,0.00166947816436301,0.145303909851556
"33220","MIR99AHG","chr21",-0.313340734,0.250546958,0.563887693,"hg38_genes_introns",1.18643475796063,1.18657684142724,5.40652252677945,0.00166947816436301,0.145303909851556
"33226","MIR99AHG","chr21",-0.241528058,0.337557866,0.579085924,"hg38_genes_introns",1.18643475796063,1.18657684142724,5.40652252677945,0.00166947816436301,0.145303909851556
"33229","MIR99AHG","chr21",-0.313340734,0.250546958,0.563887693,"hg38_genes_introns",1.18643475796063,1.18657684142724,5.40652252677945,0.00166947816436301,0.145303909851556
"33262","MIR99AHG","chr21",-0.241528058,0.337557866,0.579085924,"hg38_genes_introns",1.18643475796063,1.18657684142724,5.40652252677945,0.00166947816436301,0.145303909851556
"33283","MIR99AHG","chr21",-0.313340734,0.250546958,0.563887693,"hg38_genes_introns",1.18643475796063,1.18657684142724,5.40652252677945,0.00166947816436301,0.145303909851556
"33284","MIR99AHG","chr21",-0.313340734,0.250546958,0.563887693,"hg38_genes_introns",1.18643475796063,1.18657684142724,5.40652252677945,0.00166947816436301,0.145303909851556
"33288","MIR99AHG","chr21",-0.241528058,0.337557866,0.579085924,"hg38_genes_introns",1.18643475796063,1.18657684142724,5.40652252677945,0.00166947816436301,0.145303909851556
"33323","MIR99AHG","chr21",-0.241528058,0.337557866,0.579085924,"hg38_genes_introns",1.18643475796063,1.18657684142724,5.40652252677945,0.00166947816436301,0.145303909851556
"33337","MIR99AHG","chr21",-0.313340734,0.250546958,0.563887693,"hg38_genes_introns",1.18643475796063,1.18657684142724,5.40652252677945,0.00166947816436301,0.145303909851556
"33344","MIR99AHG","chr21",-0.247985802,0.357575218,0.60556102,"hg38_genes_introns",1.18643475796063,1.18657684142724,5.40652252677945,0.00166947816436301,0.145303909851556
"33351","MIR99AHG","chr21",-0.313340734,0.250546958,0.563887693,"hg38_genes_introns",1.18643475796063,1.18657684142724,5.40652252677945,0.00166947816436301,0.145303909851556
"33358","MIR99AHG","chr21",-0.313340734,0.250546958,0.563887693,"hg38_genes_introns",1.18643475796063,1.18657684142724,5.40652252677945,0.00166947816436301,0.145303909851556
"33378","MIR99AHG","chr21",-0.313340734,0.250546958,0.563887693,"hg38_genes_introns",1.18643475796063,1.18657684142724,5.40652252677945,0.00166947816436301,0.145303909851556
"33384","MIR99AHG","chr21",-0.241528058,0.337557866,0.579085924,"hg38_genes_introns",1.18643475796063,1.18657684142724,5.40652252677945,0.00166947816436301,0.145303909851556
"33396","MIR99AHG","chr21",-0.241528058,0.337557866,0.579085924,"hg38_genes_introns",1.18643475796063,1.18657684142724,5.40652252677945,0.00166947816436301,0.145303909851556
"33398","MIR99AHG","chr21",-0.313340734,0.250546958,0.563887693,"hg38_genes_introns",1.18643475796063,1.18657684142724,5.40652252677945,0.00166947816436301,0.145303909851556
"33400","MIR99AHG","chr21",-0.241528058,0.337557866,0.579085924,"hg38_genes_introns",1.18643475796063,1.18657684142724,5.40652252677945,0.00166947816436301,0.145303909851556
"33412","MIR99AHG","chr21",-0.247985802,0.357575218,0.60556102,"hg38_genes_introns",1.18643475796063,1.18657684142724,5.40652252677945,0.00166947816436301,0.145303909851556
"33426","MIR99AHG","chr21",-0.313340734,0.250546958,0.563887693,"hg38_genes_introns",1.18643475796063,1.18657684142724,5.40652252677945,0.00166947816436301,0.145303909851556
"33432","MIR99AHG","chr21",-0.313340734,0.250546958,0.563887693,"hg38_genes_introns",1.18643475796063,1.18657684142724,5.40652252677945,0.00166947816436301,0.145303909851556
"33433","MIR99AHG","chr21",-0.247985802,0.357575218,0.60556102,"hg38_genes_introns",1.18643475796063,1.18657684142724,5.40652252677945,0.00166947816436301,0.145303909851556
"33440","MIR99AHG","chr21",-0.241528058,0.337557866,0.579085924,"hg38_genes_introns",1.18643475796063,1.18657684142724,5.40652252677945,0.00166947816436301,0.145303909851556
"33444","MIR99AHG","chr21",-0.313340734,0.250546958,0.563887693,"hg38_genes_introns",1.18643475796063,1.18657684142724,5.40652252677945,0.00166947816436301,0.145303909851556
"33446","MIR99AHG","chr21",-0.247985802,0.357575218,0.60556102,"hg38_genes_introns",1.18643475796063,1.18657684142724,5.40652252677945,0.00166947816436301,0.145303909851556
"33447","MIR99AHG","chr21",-0.241528058,0.337557866,0.579085924,"hg38_genes_introns",1.18643475796063,1.18657684142724,5.40652252677945,0.00166947816436301,0.145303909851556
"33453","MIR99AHG","chr21",-0.247985802,0.357575218,0.60556102,"hg38_genes_introns",1.18643475796063,1.18657684142724,5.40652252677945,0.00166947816436301,0.145303909851556
"33454","MIR99AHG","chr21",-0.313340734,0.250546958,0.563887693,"hg38_genes_introns",1.18643475796063,1.18657684142724,5.40652252677945,0.00166947816436301,0.145303909851556
"33455","MIR99AHG","chr21",-0.313340734,0.250546958,0.563887693,"hg38_genes_introns",1.18643475796063,1.18657684142724,5.40652252677945,0.00166947816436301,0.145303909851556
"33456","MIR99AHG","chr21",-0.247985802,0.357575218,0.60556102,"hg38_genes_introns",1.18643475796063,1.18657684142724,5.40652252677945,0.00166947816436301,0.145303909851556
"33457","MIR99AHG","chr21",-0.313340734,0.250546958,0.563887693,"hg38_genes_introns",1.18643475796063,1.18657684142724,5.40652252677945,0.00166947816436301,0.145303909851556
"33458","MIR99AHG","chr21",-0.313340734,0.250546958,0.563887693,"hg38_genes_introns",1.18643475796063,1.18657684142724,5.40652252677945,0.00166947816436301,0.145303909851556
"33465","MIR99AHG","chr21",-0.313340734,0.250546958,0.563887693,"hg38_genes_introns",1.18643475796063,1.18657684142724,5.40652252677945,0.00166947816436301,0.145303909851556
"33468","MIR99AHG","chr21",-0.247985802,0.357575218,0.60556102,"hg38_genes_introns",1.18643475796063,1.18657684142724,5.40652252677945,0.00166947816436301,0.145303909851556
"33469","MIR99AHG","chr21",-0.247985802,0.357575218,0.60556102,"hg38_genes_introns",1.18643475796063,1.18657684142724,5.40652252677945,0.00166947816436301,0.145303909851556
"33471","MIR99AHG","chr21",-0.313340734,0.250546958,0.563887693,"hg38_genes_introns",1.18643475796063,1.18657684142724,5.40652252677945,0.00166947816436301,0.145303909851556
"33482","MIR99AHG","chr21",-0.247985802,0.357575218,0.60556102,"hg38_genes_introns",1.18643475796063,1.18657684142724,5.40652252677945,0.00166947816436301,0.145303909851556
"33484","MIR99AHG","chr21",-0.313340734,0.250546958,0.563887693,"hg38_genes_introns",1.18643475796063,1.18657684142724,5.40652252677945,0.00166947816436301,0.145303909851556
"33486","MIR99AHG","chr21",-0.313340734,0.250546958,0.563887693,"hg38_genes_introns",1.18643475796063,1.18657684142724,5.40652252677945,0.00166947816436301,0.145303909851556
"33487","MIR99AHG","chr21",-0.313340734,0.250546958,0.563887693,"hg38_genes_introns",1.18643475796063,1.18657684142724,5.40652252677945,0.00166947816436301,0.145303909851556
"33493","MIR99AHG","chr21",-0.247985802,0.357575218,0.60556102,"hg38_genes_introns",1.18643475796063,1.18657684142724,5.40652252677945,0.00166947816436301,0.145303909851556
"33516","MIR99AHG","chr21",-0.247985802,0.357575218,0.60556102,"hg38_genes_introns",1.18643475796063,1.18657684142724,5.40652252677945,0.00166947816436301,0.145303909851556
"33524","MIR99AHG","chr21",-0.313340734,0.250546958,0.563887693,"hg38_genes_introns",1.18643475796063,1.18657684142724,5.40652252677945,0.00166947816436301,0.145303909851556
"33528","MIR99AHG","chr21",-0.241528058,0.337557866,0.579085924,"hg38_genes_introns",1.18643475796063,1.18657684142724,5.40652252677945,0.00166947816436301,0.145303909851556
"33532","MIR99AHG","chr21",-0.247985802,0.357575218,0.60556102,"hg38_genes_introns",1.18643475796063,1.18657684142724,5.40652252677945,0.00166947816436301,0.145303909851556
"33534","MIR99AHG","chr21",-0.313340734,0.250546958,0.563887693,"hg38_genes_introns",1.18643475796063,1.18657684142724,5.40652252677945,0.00166947816436301,0.145303909851556
"33539","MIR99AHG","chr21",-0.313340734,0.250546958,0.563887693,"hg38_genes_introns",1.18643475796063,1.18657684142724,5.40652252677945,0.00166947816436301,0.145303909851556
"33546","MIR99AHG","chr21",-0.241528058,0.337557866,0.579085924,"hg38_genes_introns",1.18643475796063,1.18657684142724,5.40652252677945,0.00166947816436301,0.145303909851556
"34573","NARS2","chr11",-0.243113145,0.227235734,0.470348879,"hg38_genes_introns",0.979298730932014,0.979663311538236,3.73261453712282,0.00793167780674799,0.36161355368145
"34576","NARS2","chr11",-0.243113145,0.227235734,0.470348879,"hg38_genes_introns",0.979298730932014,0.979663311538236,3.73261453712282,0.00793167780674799,0.36161355368145
"34577","NARS2","chr11",-0.243113145,0.227235734,0.470348879,"hg38_genes_introns",0.979298730932014,0.979663311538236,3.73261453712282,0.00793167780674799,0.36161355368145
"34578","NARS2","chr11",-0.243113145,0.227235734,0.470348879,"hg38_genes_introns",0.979298730932014,0.979663311538236,3.73261453712282,0.00793167780674799,0.36161355368145
"34581","NARS2","chr11",-0.243113145,0.227235734,0.470348879,"hg38_genes_introns",0.979298730932014,0.979663311538236,3.73261453712282,0.00793167780674799,0.36161355368145
"36020","NFIA","chr1",-0.260496063,0.406477107,0.66697317,"hg38_genes_introns",1.3335635673108,1.33364685023095,6.3776219675391,0.000313399070973351,0.0447220474278972
"36021","NFIA","chr1",-0.260496063,0.406477107,0.66697317,"hg38_genes_introns",1.3335635673108,1.33364685023095,6.3776219675391,0.000313399070973351,0.0447220474278972
"36022","NFIA","chr1",-0.270655426,0.253751539,0.524406965,"hg38_genes_introns",1.3335635673108,1.33364685023095,6.3776219675391,0.000313399070973351,0.0447220474278972
"36023","NFIA","chr1",-0.260496063,0.406477107,0.66697317,"hg38_genes_introns",1.3335635673108,1.33364685023095,6.3776219675391,0.000313399070973351,0.0447220474278972
"36024","NFIA","chr1",-0.270655426,0.253751539,0.524406965,"hg38_genes_introns",1.3335635673108,1.33364685023095,6.3776219675391,0.000313399070973351,0.0447220474278972
"36025","NFIA","chr1",-0.270655426,0.253751539,0.524406965,"hg38_genes_introns",1.3335635673108,1.33364685023095,6.3776219675391,0.000313399070973351,0.0447220474278972
"36026","NFIA","chr1",-0.350419836,0.295611517,0.646031354,"hg38_genes_introns",1.3335635673108,1.33364685023095,6.3776219675391,0.000313399070973351,0.0447220474278972
"36027","NFIA","chr1",-0.350419836,0.295611517,0.646031354,"hg38_genes_introns",1.3335635673108,1.33364685023095,6.3776219675391,0.000313399070973351,0.0447220474278972
"36028","NFIA","chr1",-0.270655426,0.253751539,0.524406965,"hg38_genes_introns",1.3335635673108,1.33364685023095,6.3776219675391,0.000313399070973351,0.0447220474278972
"36029","NFIA","chr1",-0.260496063,0.406477107,0.66697317,"hg38_genes_introns",1.3335635673108,1.33364685023095,6.3776219675391,0.000313399070973351,0.0447220474278972
"36030","NFIA","chr1",-0.350419836,0.295611517,0.646031354,"hg38_genes_1to5kb",1.3335635673108,1.33364685023095,6.3776219675391,0.000313399070973351,0.0447220474278972
"36031","NFIA","chr1",-0.260496063,0.406477107,0.66697317,"hg38_genes_introns",1.3335635673108,1.33364685023095,6.3776219675391,0.000313399070973351,0.0447220474278972
"36032","NFIA","chr1",-0.260496063,0.406477107,0.66697317,"hg38_genes_introns",1.3335635673108,1.33364685023095,6.3776219675391,0.000313399070973351,0.0447220474278972
"36033","NFIA","chr1",-0.270655426,0.253751539,0.524406965,"hg38_genes_introns",1.3335635673108,1.33364685023095,6.3776219675391,0.000313399070973351,0.0447220474278972
"36034","NFIA","chr1",-0.270655426,0.253751539,0.524406965,"hg38_genes_introns",1.3335635673108,1.33364685023095,6.3776219675391,0.000313399070973351,0.0447220474278972
"36035","NFIA","chr1",-0.270655426,0.253751539,0.524406965,"hg38_genes_introns",1.3335635673108,1.33364685023095,6.3776219675391,0.000313399070973351,0.0447220474278972
"36036","NFIA","chr1",-0.270655426,0.253751539,0.524406965,"hg38_genes_introns",1.3335635673108,1.33364685023095,6.3776219675391,0.000313399070973351,0.0447220474278972
"36037","NFIA","chr1",-0.270655426,0.253751539,0.524406965,"hg38_genes_introns",1.3335635673108,1.33364685023095,6.3776219675391,0.000313399070973351,0.0447220474278972
"36038","NFIA","chr1",-0.270655426,0.253751539,0.524406965,"hg38_genes_introns",1.3335635673108,1.33364685023095,6.3776219675391,0.000313399070973351,0.0447220474278972
"36039","NFIA","chr1",-0.350419836,0.295611517,0.646031354,"hg38_genes_introns",1.3335635673108,1.33364685023095,6.3776219675391,0.000313399070973351,0.0447220474278972
"36040","NFIA","chr1",-0.305818174,0.608978468,0.914796642,"hg38_genes_introns",1.3335635673108,1.33364685023095,6.3776219675391,0.000313399070973351,0.0447220474278972
"36041","NFIA","chr1",-0.350419836,0.295611517,0.646031354,"hg38_genes_introns",1.3335635673108,1.33364685023095,6.3776219675391,0.000313399070973351,0.0447220474278972
"36042","NFIA","chr1",-0.350419836,0.295611517,0.646031354,"hg38_genes_introns",1.3335635673108,1.33364685023095,6.3776219675391,0.000313399070973351,0.0447220474278972
"36043","NFIA","chr1",-0.350419836,0.295611517,0.646031354,"hg38_genes_introns",1.3335635673108,1.33364685023095,6.3776219675391,0.000313399070973351,0.0447220474278972
"36044","NFIA","chr1",-0.260496063,0.406477107,0.66697317,"hg38_genes_introns",1.3335635673108,1.33364685023095,6.3776219675391,0.000313399070973351,0.0447220474278972
"36045","NFIA","chr1",-0.270655426,0.253751539,0.524406965,"hg38_genes_introns",1.3335635673108,1.33364685023095,6.3776219675391,0.000313399070973351,0.0447220474278972
"36046","NFIA","chr1",-0.260496063,0.406477107,0.66697317,"hg38_genes_introns",1.3335635673108,1.33364685023095,6.3776219675391,0.000313399070973351,0.0447220474278972
"36047","NFIA","chr1",-0.350419836,0.295611517,0.646031354,"hg38_genes_introns",1.3335635673108,1.33364685023095,6.3776219675391,0.000313399070973351,0.0447220474278972
"36048","NFIA","chr1",-0.270655426,0.253751539,0.524406965,"hg38_genes_introns",1.3335635673108,1.33364685023095,6.3776219675391,0.000313399070973351,0.0447220474278972
"36049","NFIA","chr1",-0.350419836,0.295611517,0.646031354,"hg38_genes_introns",1.3335635673108,1.33364685023095,6.3776219675391,0.000313399070973351,0.0447220474278972
"36050","NFIA","chr1",-0.305818174,0.608978468,0.914796642,"hg38_genes_introns",1.3335635673108,1.33364685023095,6.3776219675391,0.000313399070973351,0.0447220474278972
"36051","NFIA","chr1",-0.350419836,0.295611517,0.646031354,"hg38_genes_introns",1.3335635673108,1.33364685023095,6.3776219675391,0.000313399070973351,0.0447220474278972
"36052","NFIA","chr1",-0.260496063,0.406477107,0.66697317,"hg38_genes_introns",1.3335635673108,1.33364685023095,6.3776219675391,0.000313399070973351,0.0447220474278972
"36053","NFIA","chr1",-0.305818174,0.608978468,0.914796642,"hg38_genes_introns",1.3335635673108,1.33364685023095,6.3776219675391,0.000313399070973351,0.0447220474278972
"36054","NFIA","chr1",-0.260496063,0.406477107,0.66697317,"hg38_genes_introns",1.3335635673108,1.33364685023095,6.3776219675391,0.000313399070973351,0.0447220474278972
"36055","NFIA","chr1",-0.305818174,0.608978468,0.914796642,"hg38_genes_introns",1.3335635673108,1.33364685023095,6.3776219675391,0.000313399070973351,0.0447220474278972
"36056","NFIA","chr1",-0.273069564,0.606810459,0.879880023,"hg38_genes_1to5kb",1.3335635673108,1.33364685023095,6.3776219675391,0.000313399070973351,0.0447220474278972
"36057","NFIA","chr1",-0.350419836,0.295611517,0.646031354,"hg38_genes_introns",1.3335635673108,1.33364685023095,6.3776219675391,0.000313399070973351,0.0447220474278972
"36058","NFIA","chr1",-0.270655426,0.253751539,0.524406965,"hg38_genes_introns",1.3335635673108,1.33364685023095,6.3776219675391,0.000313399070973351,0.0447220474278972
"36059","NFIA","chr1",-0.270655426,0.253751539,0.524406965,"hg38_genes_introns",1.3335635673108,1.33364685023095,6.3776219675391,0.000313399070973351,0.0447220474278972
"36060","NFIA","chr1",-0.260496063,0.406477107,0.66697317,"hg38_genes_introns",1.3335635673108,1.33364685023095,6.3776219675391,0.000313399070973351,0.0447220474278972
"36061","NFIA","chr1",-0.270655426,0.253751539,0.524406965,"hg38_genes_introns",1.3335635673108,1.33364685023095,6.3776219675391,0.000313399070973351,0.0447220474278972
"36062","NFIA","chr1",-0.305818174,0.608978468,0.914796642,"hg38_genes_introns",1.3335635673108,1.33364685023095,6.3776219675391,0.000313399070973351,0.0447220474278972
"36063","NFIA","chr1",-0.305818174,0.608978468,0.914796642,"hg38_genes_introns",1.3335635673108,1.33364685023095,6.3776219675391,0.000313399070973351,0.0447220474278972
"36064","NFIA","chr1",-0.350419836,0.295611517,0.646031354,"hg38_genes_introns",1.3335635673108,1.33364685023095,6.3776219675391,0.000313399070973351,0.0447220474278972
"36065","NFIA","chr1",-0.260496063,0.406477107,0.66697317,"hg38_genes_introns",1.3335635673108,1.33364685023095,6.3776219675391,0.000313399070973351,0.0447220474278972
"36066","NFIA","chr1",-0.270655426,0.253751539,0.524406965,"hg38_genes_introns",1.3335635673108,1.33364685023095,6.3776219675391,0.000313399070973351,0.0447220474278972
"36067","NFIA","chr1",-0.350419836,0.295611517,0.646031354,"hg38_genes_introns",1.3335635673108,1.33364685023095,6.3776219675391,0.000313399070973351,0.0447220474278972
"36068","NFIA","chr1",-0.305818174,0.608978468,0.914796642,"hg38_genes_introns",1.3335635673108,1.33364685023095,6.3776219675391,0.000313399070973351,0.0447220474278972
"36069","NFIA","chr1",-0.350419836,0.295611517,0.646031354,"hg38_genes_introns",1.3335635673108,1.33364685023095,6.3776219675391,0.000313399070973351,0.0447220474278972
"36070","NFIA","chr1",-0.305818174,0.608978468,0.914796642,"hg38_genes_introns",1.3335635673108,1.33364685023095,6.3776219675391,0.000313399070973351,0.0447220474278972
"36071","NFIA","chr1",-0.305818174,0.608978468,0.914796642,"hg38_genes_introns",1.3335635673108,1.33364685023095,6.3776219675391,0.000313399070973351,0.0447220474278972
"36072","NFIA","chr1",-0.260496063,0.406477107,0.66697317,"hg38_genes_introns",1.3335635673108,1.33364685023095,6.3776219675391,0.000313399070973351,0.0447220474278972
"36073","NFIA","chr1",-0.270655426,0.253751539,0.524406965,"hg38_genes_introns",1.3335635673108,1.33364685023095,6.3776219675391,0.000313399070973351,0.0447220474278972
"36074","NFIA","chr1",-0.260496063,0.406477107,0.66697317,"hg38_genes_introns",1.3335635673108,1.33364685023095,6.3776219675391,0.000313399070973351,0.0447220474278972
"36075","NFIA","chr1",-0.350419836,0.295611517,0.646031354,"hg38_genes_introns",1.3335635673108,1.33364685023095,6.3776219675391,0.000313399070973351,0.0447220474278972
"36076","NFIA","chr1",-0.305818174,0.608978468,0.914796642,"hg38_genes_introns",1.3335635673108,1.33364685023095,6.3776219675391,0.000313399070973351,0.0447220474278972
"36077","NFIA","chr1",-0.260496063,0.406477107,0.66697317,"hg38_genes_introns",1.3335635673108,1.33364685023095,6.3776219675391,0.000313399070973351,0.0447220474278972
"36078","NFIA","chr1",-0.273069564,0.606810459,0.879880023,"hg38_genes_1to5kb",1.3335635673108,1.33364685023095,6.3776219675391,0.000313399070973351,0.0447220474278972
"36079","NFIA","chr1",-0.350419836,0.295611517,0.646031354,"hg38_genes_promoters",1.3335635673108,1.33364685023095,6.3776219675391,0.000313399070973351,0.0447220474278972
"36080","NFIA","chr1",-0.305818174,0.608978468,0.914796642,"hg38_genes_introns",1.3335635673108,1.33364685023095,6.3776219675391,0.000313399070973351,0.0447220474278972
"36081","NFIA","chr1",-0.305818174,0.608978468,0.914796642,"hg38_genes_introns",1.3335635673108,1.33364685023095,6.3776219675391,0.000313399070973351,0.0447220474278972
"36082","NFIA","chr1",-0.305818174,0.608978468,0.914796642,"hg38_genes_introns",1.3335635673108,1.33364685023095,6.3776219675391,0.000313399070973351,0.0447220474278972
"36083","NFIA","chr1",-0.305818174,0.608978468,0.914796642,"hg38_genes_introns",1.3335635673108,1.33364685023095,6.3776219675391,0.000313399070973351,0.0447220474278972
"36084","NFIA","chr1",-0.305818174,0.608978468,0.914796642,"hg38_genes_introns",1.3335635673108,1.33364685023095,6.3776219675391,0.000313399070973351,0.0447220474278972
"36085","NFIA","chr1",-0.305818174,0.608978468,0.914796642,"hg38_genes_introns",1.3335635673108,1.33364685023095,6.3776219675391,0.000313399070973351,0.0447220474278972
"36086","NFIA","chr1",-0.305818174,0.608978468,0.914796642,"hg38_genes_introns",1.3335635673108,1.33364685023095,6.3776219675391,0.000313399070973351,0.0447220474278972
"36419","NIBAN1","chr1",-0.350951997,0.330086231,0.681038229,"hg38_genes_introns",0.876616234367527,0.876661798985258,6.54478590776468,0.0479698619947411,0.990636657981123
"36420","NIBAN1","chr1",-0.350951997,0.330086231,0.681038229,"hg38_genes_introns",0.876616234367527,0.876661798985258,6.54478590776468,0.0479698619947411,0.990636657981123
"36421","NIBAN1","chr1",-0.350951997,0.330086231,0.681038229,"hg38_genes_introns",0.876616234367527,0.876661798985258,6.54478590776468,0.0479698619947411,0.990636657981123
"38090","P3H2","chr3",-0.378611809,0.301194742,0.67980655,"hg38_genes_introns",2.94960278916972,2.95028843967882,5.12727597721545,0.00492759941359695,0.274179395230652
"38100","P3H2","chr3",-0.378611809,0.301194742,0.67980655,"hg38_genes_introns",2.94960278916972,2.95028843967882,5.12727597721545,0.00492759941359695,0.274179395230652
"38106","P3H2","chr3",-0.378611809,0.301194742,0.67980655,"hg38_genes_introns",2.94960278916972,2.95028843967882,5.12727597721545,0.00492759941359695,0.274179395230652
"38109","P3H2","chr3",-0.378611809,0.301194742,0.67980655,"hg38_genes_introns",2.94960278916972,2.95028843967882,5.12727597721545,0.00492759941359695,0.274179395230652
"39759","PDGFRA","chr4",-0.304802027,0.312357165,0.617159193,"hg38_genes_introns",0.931636962380906,0.931642732841004,9.62216453505925,0.0230660611120253,0.65962463340401
"39764","PDGFRA","chr4",-0.283143735,0.435955965,0.719099701,"hg38_genes_introns",0.931636962380906,0.931642732841004,9.62216453505925,0.0230660611120253,0.65962463340401
"39765","PDGFRA","chr4",-0.272877074,0.180885154,0.453762228,"hg38_genes_introns",0.931636962380906,0.931642732841004,9.62216453505925,0.0230660611120253,0.65962463340401
"40536","PLA2G4A","chr1",-0.275159624,0.5265926,0.801752224,"hg38_genes_introns",1.30826264101737,1.30900316675774,3.19671853821847,0.014908373666946,0.513371322650222
"40537","PLA2G4A","chr1",-0.275159624,0.5265926,0.801752224,"hg38_genes_introns",1.30826264101737,1.30900316675774,3.19671853821847,0.014908373666946,0.513371322650222
"40571","PLAC9","chr10",-0.283296418,0.337969948,0.621266366,"hg38_genes_5UTRs",1.44750942964643,1.44804220062198,3.86239884670708,0.00452935815479899,0.257505740513871
"40572","PLAC9","chr10",-0.283296418,0.337969948,0.621266366,"hg38_genes_1to5kb",1.44750942964643,1.44804220062198,3.86239884670708,0.00452935815479899,0.257505740513871
"40573","PLAC9","chr10",-0.223536655,0.11178818,0.335324836,"hg38_genes_introns",1.44750942964643,1.44804220062198,3.86239884670708,0.00452935815479899,0.257505740513871
"40574","PLAC9","chr10",-0.223536655,0.11178818,0.335324836,"hg38_genes_introns",1.44750942964643,1.44804220062198,3.86239884670708,0.00452935815479899,0.257505740513871
"40575","PLAC9","chr10",-0.223536655,0.11178818,0.335324836,"hg38_genes_introns",1.44750942964643,1.44804220062198,3.86239884670708,0.00452935815479899,0.257505740513871
"40576","PLAC9","chr10",-0.283296418,0.337969948,0.621266366,"hg38_genes_promoters",1.44750942964643,1.44804220062198,3.86239884670708,0.00452935815479899,0.257505740513871
"40577","PLAC9","chr10",-0.283296418,0.337969948,0.621266366,"hg38_genes_promoters",1.44750942964643,1.44804220062198,3.86239884670708,0.00452935815479899,0.257505740513871
"40578","PLAC9","chr10",-0.283296418,0.337969948,0.621266366,"hg38_genes_promoters",1.44750942964643,1.44804220062198,3.86239884670708,0.00452935815479899,0.257505740513871
"40579","PLAC9","chr10",-0.283296418,0.337969948,0.621266366,"hg38_genes_introns",1.44750942964643,1.44804220062198,3.86239884670708,0.00452935815479899,0.257505740513871
"40580","PLAC9","chr10",-0.283296418,0.337969948,0.621266366,"hg38_genes_exons",1.44750942964643,1.44804220062198,3.86239884670708,0.00452935815479899,0.257505740513871
"40581","PLAC9","chr10",-0.283296418,0.337969948,0.621266366,"hg38_genes_firstexons",1.44750942964643,1.44804220062198,3.86239884670708,0.00452935815479899,0.257505740513871
"40582","PLAC9","chr10",-0.283296418,0.337969948,0.621266366,"hg38_genes_exonintronboundaries",1.44750942964643,1.44804220062198,3.86239884670708,0.00452935815479899,0.257505740513871
"41542","PPL","chr16",-0.041934805,0.66868793,0.710622734,"hg38_genes_introns",1.75832918403111,1.75836974586754,7.94236785325021,0.00333904281557349,0.228583215517604
"41543","PPL","chr16",-0.041934805,0.66868793,0.710622734,"hg38_genes_introns",1.75832918403111,1.75836974586754,7.94236785325021,0.00333904281557349,0.228583215517604
"41546","PPL","chr16",-0.041934805,0.66868793,0.710622734,"hg38_genes_introns",1.75832918403111,1.75836974586754,7.94236785325021,0.00333904281557349,0.228583215517604
"42029","PREX1","chr20",-0.250263642,0.584039836,0.834303478,"hg38_genes_introns",2.0063704249744,2.00699579707205,4.28308850995659,0.000190801523965611,0.0312958361722905
"44948","RIPOR2","chr6",-0.281000728,0.369020821,0.650021549,"hg38_genes_introns",1.13079444044876,1.1311526606107,3.99972416333897,0.0219348388329847,0.641742869644634
"44949","RIPOR2","chr6",-0.281000728,0.369020821,0.650021549,"hg38_genes_introns",1.13079444044876,1.1311526606107,3.99972416333897,0.0219348388329847,0.641742869644634
"44950","RIPOR2","chr6",-0.281000728,0.369020821,0.650021549,"hg38_genes_introns",1.13079444044876,1.1311526606107,3.99972416333897,0.0219348388329847,0.641742869644634
"44951","RIPOR2","chr6",-0.281000728,0.369020821,0.650021549,"hg38_genes_introns",1.13079444044876,1.1311526606107,3.99972416333897,0.0219348388329847,0.641742869644634
"44952","RIPOR2","chr6",-0.281000728,0.369020821,0.650021549,"hg38_genes_introns",1.13079444044876,1.1311526606107,3.99972416333897,0.0219348388329847,0.641742869644634
"44953","RIPOR2","chr6",-0.281000728,0.369020821,0.650021549,"hg38_genes_introns",1.13079444044876,1.1311526606107,3.99972416333897,0.0219348388329847,0.641742869644634
"44954","RIPOR2","chr6",-0.281000728,0.369020821,0.650021549,"hg38_genes_introns",1.13079444044876,1.1311526606107,3.99972416333897,0.0219348388329847,0.641742869644634
"44955","RIPOR2","chr6",-0.281000728,0.369020821,0.650021549,"hg38_genes_introns",1.13079444044876,1.1311526606107,3.99972416333897,0.0219348388329847,0.641742869644634
"44956","RIPOR2","chr6",-0.281000728,0.369020821,0.650021549,"hg38_genes_introns",1.13079444044876,1.1311526606107,3.99972416333897,0.0219348388329847,0.641742869644634
"44957","RIPOR2","chr6",-0.281000728,0.369020821,0.650021549,"hg38_genes_introns",1.13079444044876,1.1311526606107,3.99972416333897,0.0219348388329847,0.641742869644634
"44958","RIPOR2","chr6",-0.281000728,0.369020821,0.650021549,"hg38_genes_introns",1.13079444044876,1.1311526606107,3.99972416333897,0.0219348388329847,0.641742869644634
"44960","RIPOR2","chr6",-0.281000728,0.369020821,0.650021549,"hg38_genes_introns",1.13079444044876,1.1311526606107,3.99972416333897,0.0219348388329847,0.641742869644634
"47360","SELENOP","chr5",-0.263038542,0.144920799,0.407959341,"hg38_genes_1to5kb",1.86671048265703,1.86680274069477,6.88129984530225,4.16097203399429e-06,0.00219915077500365
"47361","SELENOP","chr5",-0.263038542,0.144920799,0.407959341,"hg38_genes_introns",1.86671048265703,1.86680274069477,6.88129984530225,4.16097203399429e-06,0.00219915077500365
"47362","SELENOP","chr5",-0.263038542,0.144920799,0.407959341,"hg38_genes_introns",1.86671048265703,1.86680274069477,6.88129984530225,4.16097203399429e-06,0.00219915077500365
"47363","SELENOP","chr5",-0.263038542,0.144920799,0.407959341,"hg38_genes_introns",1.86671048265703,1.86680274069477,6.88129984530225,4.16097203399429e-06,0.00219915077500365
"47364","SELENOP","chr5",-0.263038542,0.144920799,0.407959341,"hg38_genes_introns",1.86671048265703,1.86680274069477,6.88129984530225,4.16097203399429e-06,0.00219915077500365
"47365","SELENOP","chr5",-0.263038542,0.144920799,0.407959341,"hg38_genes_1to5kb",1.86671048265703,1.86680274069477,6.88129984530225,4.16097203399429e-06,0.00219915077500365
"47366","SELENOP","chr5",-0.263038542,0.144920799,0.407959341,"hg38_genes_introns",1.86671048265703,1.86680274069477,6.88129984530225,4.16097203399429e-06,0.00219915077500365
"47367","SELENOP","chr5",-0.263038542,0.144920799,0.407959341,"hg38_genes_exonintronboundaries",1.86671048265703,1.86680274069477,6.88129984530225,4.16097203399429e-06,0.00219915077500365
"47368","SELENOP","chr5",-0.263038542,0.144920799,0.407959341,"hg38_genes_intronexonboundaries",1.86671048265703,1.86680274069477,6.88129984530225,4.16097203399429e-06,0.00219915077500365
"47369","SELENOP","chr5",-0.263038542,0.144920799,0.407959341,"hg38_genes_introns",1.86671048265703,1.86680274069477,6.88129984530225,4.16097203399429e-06,0.00219915077500365
"47370","SELENOP","chr5",-0.263038542,0.144920799,0.407959341,"hg38_genes_introns",1.86671048265703,1.86680274069477,6.88129984530225,4.16097203399429e-06,0.00219915077500365
"47371","SELENOP","chr5",-0.263038542,0.144920799,0.407959341,"hg38_genes_introns",1.86671048265703,1.86680274069477,6.88129984530225,4.16097203399429e-06,0.00219915077500365
"47372","SELENOP","chr5",-0.263038542,0.144920799,0.407959341,"hg38_genes_introns",1.86671048265703,1.86680274069477,6.88129984530225,4.16097203399429e-06,0.00219915077500365
"47373","SELENOP","chr5",-0.263038542,0.144920799,0.407959341,"hg38_genes_1to5kb",1.86671048265703,1.86680274069477,6.88129984530225,4.16097203399429e-06,0.00219915077500365
"47374","SELENOP","chr5",-0.263038542,0.144920799,0.407959341,"hg38_genes_introns",1.86671048265703,1.86680274069477,6.88129984530225,4.16097203399429e-06,0.00219915077500365
"47375","SELENOP","chr5",-0.263038542,0.144920799,0.407959341,"hg38_genes_introns",1.86671048265703,1.86680274069477,6.88129984530225,4.16097203399429e-06,0.00219915077500365
"47376","SELENOP","chr5",-0.263038542,0.144920799,0.407959341,"hg38_genes_introns",1.86671048265703,1.86680274069477,6.88129984530225,4.16097203399429e-06,0.00219915077500365
"47842","SFRP1","chr8",-0.234098123,0.614897699,0.848995822,"hg38_genes_introns",1.94009289621142,1.94010799289757,9.57346719963986,0.00737249381615768,0.352075446466502
"47843","SFRP1","chr8",-0.234098123,0.614897699,0.848995822,"hg38_genes_introns",1.94009289621142,1.94010799289757,9.57346719963986,0.00737249381615768,0.352075446466502
"49070","SLC9A9","chr3",-0.36283921,0.220686078,0.583525288,"hg38_genes_introns",0.974245900561006,0.974385869539725,5.10259846980956,0.0268310820943628,0.714327502773427
"49967","SORCS2","chr4",-0.281494876,0.630555752,0.912050628,"hg38_genes_introns",1.43654283471053,1.43764353960308,2.76782152650489,0.0127315107312321,0.457910992287265
"55605","TNFRSF21","chr6",-0.302700317,0.567594009,0.870294327,"hg38_genes_introns",2.54863914748663,2.54919142456295,5.0307785531342,1.93000622210235e-05,0.00655742590223822
"55606","TNFRSF21","chr6",-0.267044466,0.632385734,0.8994302,"hg38_genes_introns",2.54863914748663,2.54919142456295,5.0307785531342,1.93000622210235e-05,0.00655742590223822
"55607","TNFRSF21","chr6",-0.327112764,0.429453334,0.756566098,"hg38_genes_introns",2.54863914748663,2.54919142456295,5.0307785531342,1.93000622210235e-05,0.00655742590223822
"57853","VIT","chr2",-0.272076947,0.197258312,0.469335259,"hg38_genes_introns",1.27428439061491,1.27449263273203,4.98941755305188,0.0463894165301802,0.9792558785291
"57855","VIT","chr2",-0.272076947,0.197258312,0.469335259,"hg38_genes_introns",1.27428439061491,1.27449263273203,4.98941755305188,0.0463894165301802,0.9792558785291
"57861","VIT","chr2",-0.272076947,0.197258312,0.469335259,"hg38_genes_introns",1.27428439061491,1.27449263273203,4.98941755305188,0.0463894165301802,0.9792558785291
"57862","VIT","chr2",-0.272076947,0.197258312,0.469335259,"hg38_genes_introns",1.27428439061491,1.27449263273203,4.98941755305188,0.0463894165301802,0.9792558785291
"57865","VIT","chr2",-0.272076947,0.197258312,0.469335259,"hg38_genes_introns",1.27428439061491,1.27449263273203,4.98941755305188,0.0463894165301802,0.9792558785291
"57870","VIT","chr2",-0.272076947,0.197258312,0.469335259,"hg38_genes_introns",1.27428439061491,1.27449263273203,4.98941755305188,0.0463894165301802,0.9792558785291
"57872","VIT","chr2",-0.272076947,0.197258312,0.469335259,"hg38_genes_introns",1.27428439061491,1.27449263273203,4.98941755305188,0.0463894165301802,0.9792558785291
